msg,delivered_at_date,delivered_at_tmsp,id_contact,id_conversation
"Hello Matthieu

D√©sol√© pour la r√©ponse tardive, je rentre de cong√©s. je serai dispo ce jeudi 15h¬†

Avec plaisir pour √©changer !

Alexandre",06-12-22,1670342606902,ACoAAAAV5QYBHpcG7LICLdgLDhZBXabaNGIeiKc,2-M2NhOWE3Y2YtNzU4Mi00NWEyLWJiODEtN2I5MTdmMmU4MjFkXzAxMg==
"Matthieu, 
J'esp√®re que vous allez bien. J'ai identifi√© votre profil concernant votre poste de Account Executive chez Esmoz. Je recrute un Sales Manager pour un grand √©diteur allemand leader dans le Marketing Digital - 250 salari√©s. 
Qu'en pensez vous ? 
Foucauld ",01-12-22,1669888353748,ACoAABRPL2wBJXrgbHy5wboPTNb7usxJM_iF_Tw,2-YzU3MWY1MWYtODdlYy00MDBhLWE5N2UtOTAzYmQwODYzMzE0XzAxMg==
"Bonjour,

Je pense que vous devriez contacter mon homologue Zahir Berkane qui s‚Äôoccupe de profils plus orient√©s data. De mon c√¥t√©, je g√®re plut√¥t des profils orient√©s d√©veloppement Web/Mobile dans un contexte Agile. :)",05-12-22,1670260538470,ACoAAAxFHuUBviNHCOWsxzBbRUXgGsjfwTAh0GU,2-Y2JmZTdiMDUtMTlmMy00MWY1LWIwMDctMTZjN2EwMjVhYmQwXzAxMg==
Et bienvenue Jean-Bernard ,07-11-22,1667826675878,ACoAACwqwkgBwn2amdmT_fXm6uVPWLL9d4tr8LM,2-OTVjZmU3YWYtOTQzMi00MzFkLWIyZGQtZjNjYjk0YTk5YWZjXzAxMg==
"Bonjour Matthieu,

Merci pour l‚Äôint√©r√™t que vous portez √† mon profil. Je serai ravie d‚Äô√©changer avec vous sur de potentielles opportunit√©s. 

Bonne journ√©e,

Sara  ",07-11-22,1667826530618,ACoAADNDqlAB84UDgU39zNB7qGYVoHgHe0JXJJ8,2-MTAyNWViZjctM2UwZS00ODQ2LWI4ZGUtZDY5NzI4MzM0MThiXzAxMg==
"Bonjour, D√©sol√© je ne suis pas √† l'√©coute du march√© en ce moment. Cordialement",05-12-22,1670254204677,ACoAAAddFZsBw3Dj7wSQqjw-ioT58wiiwoxOsB8,2-ZTk5NmI5YWQtNTcxMi00OTBiLWExNmEtZGUyMzZhYmNkMDJmXzAxMA==
"Salut Matthieu,

Enchant√© et ravie de vous conna√Ætre.",01-12-22,1669905086585,ACoAAA1uclMBbUigHoOPLtNVzjNxz6BMjbS05-8,2-MTYwMGU5MTMtMjhjNC00NzkzLTkxOTktMTBjY2RhNjBlM2RjXzAxMg==
Au plaisir ,01-12-22,1669930943750,ACoAACP1hjQBBjS_iwC4gOlyOeRZbFiKKkX1hK4,2-MTM3ZWU5OWUtNDBhNC00YWU2LTkxNzktNTM4YjUyZTQwYWE4XzAxMg==
"Bonjour Mathieu, merci de votre int√©r√™t je suis dans une mutation vers Montr√©al, et je recherche des opportunit√©s dans ce secteur. bien √† toi Fr√©d√©ric DENIS",01-12-22,1669928501173,ACoAACW0oBkBWTU-M3nH34AIoNPpCcImgLB3eHE,2-YmNlMjRiOWMtNDJmYS00Y2NhLThlYTctMjFlYjMzNjhhYTE4XzAxMg==
"Bonjour Matthieu,

Je vous remercie de l'int√©r√™t que vous portez √† mon profil.
Au plaisir d'√©changer avec vous.

Cordialement,
Pierre-Alexis",01-12-22,1669927010166,ACoAACtBGnUBdtmMC8hCJAsM53xqfblibLOidF0,2-YjZiNWZmNzQtYTA0Ni00ZTc2LWI0M2QtYmRjYTE4MmE5Y2E5XzAxMg==
"Bonjour Matthieu, 
Avec plaisir.
Cordialement
Ralph ",01-12-22,1669919240044,ACoAAABp794BrGWgiPNhc1QdtTX2Q4AauH42nh8,2-MjA0ZTJjZmMtODEwMi00OWI1LWIyZmQtZjU1NzFmNTJjMGQ5XzAxMg==
"Bonjour Matthieu, merci d‚Äôavoir pris contact avec moi. J‚Äôaimerais en savoir plus.",29-11-22,1669735842873,ACoAAAFzp-IBhgPL-6vdVbJGs6FxY_EZtPcbQO0,2-ZDI4ZmIzZWMtMzViZi00ZjkwLTg0YmItNTMwYzg2NWM2YzcyXzAxMg==
"Cher Matthieu,
Je suis chasseur de t√™tes depuis plus de 20 ans sur votre Business.  
J'ai toujours plusieurs postes qui vous correspondent.  
Je pense par ex √† Devoteam, CGI, Magellan, Keyrus ...et j'en passe sur des postes de Business Manager en Conseil   

Vous pouvez m'aider...vous avez s√ªrement ces profils dans votre r√©seaux   

√† titre d'ex et non exhaustif   

Urgence 4.  :  
Un Business Manager Confirm√© pour une ESN (>800P en France) 
Embarqu√© : 25 etp sur des comptes r√©f√©renc√©s √† Paris
Sujets : SMAC  Cloud, data, devops, transfo Cyber s√©curit√© 
Fixe 55K‚Ç¨ (n√©gociable) + 30 K‚Ç¨ de variable sans plafond. 

Urgence 8 : 
3 Business Managers Confirm√©s (1 sur la BFA, 1 sur les Retail & Service et 1 sur l‚ÄôEnergie) √† Paris pour une grosse ESN (>8Kp)  
Embarqu√© : 10 √† 50 ETP sur des comptes r√©f√©renc√©s √† Paris
Management : encadrement de BM jr possible  
Sujets : Cloud, data, devops, transfo  cyber s√©curit√©
Fixe 55K‚Ç¨ (n√©gociable) + 30K‚Ç¨ de variable sans plafond  

Urgence 7 :  
Des Business Mangers et Directeur d‚ÄôAgence sur les comptes BNP, SG, CA ou LBP √† Paris pour ESN (>90KP)
Embarqu√© : gros :) sur des comptes r√©f√©renc√©s √† Paris
Management : possibilit√© d‚Äôencadrer des BM  
Sujets : Cloud, data, devops, transfo et Cyber s√©curit√©
Fixe entre 45K‚Ç¨ et 100K‚Ç¨ et 20 √† 50 K‚Ç¨ de com

Urgence 1 :  Des Business Managers juniors et confirm√©s
M-Cloud (l‚Äôint√©grateur Microsoft du Devoteam) 
G-Cloud (l‚Äôint√©grateur Google de Devoteam), 
S-Cloud (l‚Äôint√©grateur Salesforce de Devoteam) 
Pas de vente d‚ÄôAT ni de Forfait. 
C‚Äôest de l‚Äôint√©gration Google, Microsoft, AWS, Salesforce, ServiceNow and co.  
R√©m : 60K‚Ç¨ (N√©gociable+30K‚Ç¨)

Et j‚Äôen passe et des meilleurs, ma liste d‚Äôurgence s‚Äôaccroit depuis 20 ans.   

Puis-je vous faire une demande de mise en relation directe pour faciliter nos √©changes m√™me √† plus long terme ?  

Socialement V√¥tre

Marc Bodin d'ANOA
0665071113
marcbodin@me.com
75015 Paris",28-11-22,1669646514476,ACoAAABveKYBJD1WqD6V7oQIgDnY_039u76rsgk,2-Y2JlM2FlZTQtYTg5Yy00ZWVlLTkxNzAtNjAxZDU0NDEzZjFlXzAxMg==
"Bonjour Matthieu,
Bienvenue √† mon r√©seau.
Cdt,
Malek",25-11-22,1669362466926,ACoAAALKT6UBatY1NsMg6cJaPB0dsWfpt64G0rQ,2-NjkwZjI5NTItNDkwZi00M2YyLTgwOWMtMjg4MDkxMDAyY2ViXzAxMg==
"Bonjour Matthieu, merci d‚Äôavoir pris contact avec moi. J‚Äôaimerais en savoir plus.",23-11-22,1669232317942,ACoAAAx__RgBJld6wpwMrIEqTkcBRmQ7rI6LODU,2-NzYyNjMxZTItZDlhMy00ODBkLTkyNDItZGFmNTM2ZTk2ODZjXzAxMg==
"Bonjour Matthieu,

Merci pour votre message.
Par curiosit√©, qui est notre r√©seau commun ?

Cdt
Florent",23-11-22,1669201411307,ACoAAAoCrXkBSYtdIIVfIwGvFuuaxqC8syEQZv4,2-YjNjMDJkOTYtMTJlMy00Mzc2LTgxMjgtMWRlMWUxMzQ0MjlmXzAxMg==
"Bonjour Matthieu,",17-11-22,1668684364275,ACoAACGOgLcBDso6JpymT5l0mmzKJtYyieZG5_8,2-Yzg2OGVhOWUtMjc5MS00OWExLTliYjgtZDIyZDdkZGY5MDg3XzAxMg==
"Bonjour Matthieu,

Sauf erreur de ma part nous n'avons pas de r√©seau commun donc il faudra v√©rifier pour les prochains et √©viter les copier coller ;)
Pour quelle raison voulez-vous parler de mes projets ?

Cordialement,
Florian ",21-11-22,1668995436947,ACoAABzCl6YBlurunBdgLt8uHubrBg9tSJDbt20,2-MDRkNmQ1ODAtZTVmMy00ZGVmLWE5NDEtYzM5MmM3MmU5NzNiXzAxMg==
"Bonjour, merci pour l‚Äôint√©r√™t que vous portez √† mon profil.",21-11-22,1669026806020,ACoAACv-YpoBZMdzHcGFL9N7PbP1Qtjur11IKYo,2-ZWI5NjBlYWUtNzg4Mi00YTQzLWJiNTItZWUxMmY3ODVlMTQ0XzAxMg==
"Bonsoir Matthieu,
Merci pour votre proposition de connexion mais je ne vois pas comment vous pouvez entendre parler de moi dans votre r√©seau sachant que nous n‚Äôavons aucun contact en commun.
Pouvez vous m‚Äôen dire plus?
",20-11-22,1668969244115,ACoAAAozndYBzgcupscDf47VK7pLleK51VNfTfk,2-YjA1ZTkxN2ItYTViNi00NWEyLWE3ODUtOGI4YmUxOWM0YjY2XzAxMg==
üëç,17-11-22,1668695679117,ACoAAAFUNcwBTFcOVu1nW9ylBR-l9xdZ_TuyAxc,2-OWM3MmFkYWQtNzBjMy00ZTE1LWJkY2MtMDZiZmU5MTM1MWQ1XzAxMg==
"Bonjour Matthieu,

Merci d‚Äôavoir pris contact avec moi, mais je ne suis pas √† la recherche d‚Äôune nouvelle opportunit√© pour l‚Äôinstant.

Bonne journ√©e,

Vijay Sankar",14-11-22,1668455519760,ACoAACNJQpkBtHf2yjct4SYoQQvn4iKeQ4xP_XA,2-ZTE0MGY2YTYtNTk2Zi00MjA4LTgzZDAtZjE3MjNhNDExMWU0XzAxMg==
"Bonjour Matthieu,

Merci de votre message. Avec grand plaisir.

Bien cordialement,

Karim",12-11-22,1668269290693,ACoAAAOAeY4B9DbVBLmPHAWXV4XAUSaaz7LRr7o,2-ZmJmNWU0ODQtYWQ0ZS00ODQ3LTk5YTgtNGFlYTZmODEzMTY4XzAxMg==
"Bonjour Matthieu,
Pas de soucis. Invitation accept√©e üòÄ
Au plaisir.
Pierre",08-11-22,1667916466775,ACoAACBDXrwBOjnSWGuNEuhudIgfPX1I7Qa4OAw,2-NTE5MmE5ZWMtZTY3Yy00ZmRiLWEzYTMtODZlMWNiNmJmYTk1XzAxMg==
"Bonjour Matthieu, je suis surprise par votre message et du fait que vous entendez parler de moi via notre r√©seau commun ?",08-11-22,1667904343046,ACoAABN8FgsBgkEEtsqveBCtxBzkOlREZHUpxz8,2-YjVhNTAxYzEtMTY2Zi00NmIzLWI3M2MtMjg1MGIzY2Y4OGNiXzAxMg==
"Bonjour Matthieu,

Je serais ravi de discuter avec vous de tout sujet qui vous int√©resse dans le domaine. Nous pouvons organiser un appel vid√©o ou prendre un caf√© quelque part pr√®s de vos bureaux. Contactez-moi quand vous voulez.

Cdt
Charris",07-11-22,1667839280319,ACoAAAgscY8BS1m5YRG0A2i2S25wwhbUXzY9Ia0,2-NmY3MmQ2NTktZDk5MC00ZGRiLTg3YmItNWE3ZjE2ZmNiMzIyXzAxMg==
"Bonjour,
Merci pour votre int√©r√™t √† mon profil.
Ce serait un plaisirs d‚Äô√©changer avec vous sur ces sujets.
Cordialement,
Souhir",07-11-22,1667835362554,ACoAACO_OscBg5kHyZNq_FFgxd154u0ktNY93O0,2-MWQxYzdkYmUtNGQ3Mi00ZmI3LTllNTQtOWI0MjJiNGVmNmE5XzAxMg==
"Bonjour Matthieu,

Je suis Eugene, de l‚Äô√©quipe LinkedIn Sales Solutions.

Merci de compter parmi les membres actifs de LinkedIn. Je vous propose d‚Äôessayer gratuitement LinkedIn Sales Navigator pendant 30¬†jours¬†!

Qu‚Äôen dites-vous¬†?",02-11-22,1667372300412,ACoAABGlEQwBXbIjLUVIHs_JyRKObuos3aMVZPk,2-YzQ2ZjM3OTctYzJlZi00Mjc5LWJjNWYtMDRhZTMyYWIwYzYyXzAxMg==
"Salut matthieu !
Comment √ßa va ?",14-12-22,1671011084782,ACoAACU-FGABg03KDDxLMK7c8aCG_a4DOTBOQzw,2-Mzg4YzU4MDAtNDg1Yy00MDczLWE2MjYtNTVjOTU4ZjZmNjRkXzAxMg==
"Bonjour,

Merci de votre int√©r√™t.
Pour quel type de poste me contactez-vous et quelles comp√©tences recherchez vous ?

Sinc√®rement,
Yoann P√©rin",08-12-22,1670536261345,ACoAAAul51oB9ugYWryACCNUbzg7W4hoxj0v1lg,2-YTY0NWJkYzgtMTBiMi00NWFlLWIzMDQtYzI5NTcwZTZmNTQwXzAxMg==
"Bonjour Matthieu :)
Merci de l'int√©r√™t que vous portez √† mon profil, avec plaisir de pouvoir √©ventuellement discuter avec vous.

Cordialement,
Johan",08-12-22,1670492672059,ACoAACqESiABxgS00i7odj0i7X-0_yDvFNg2ZLM,2-ZTgzZjhmNmMtMDUwMy00NzdjLTllNDItOThmOGJlYWNiZDhmXzAxMg==
"Bonjour Matthieu,

Je suis Eugene, de l‚Äô√©quipe LinkedIn Sales Solutions.

Merci de compter parmi les membres actifs de LinkedIn. Je vous propose d‚Äôessayer gratuitement LinkedIn Sales Navigator pendant 30¬†jours !

Qu‚Äôen dites-vous ?",07-12-22,1670428485054,ACoAABGlEQwBXbIjLUVIHs_JyRKObuos3aMVZPk,2-Yzg4YzZiNjItMTNmOS00N2I4LTlhMDYtY2E4NTBlMzZjMzJhXzAxMg==
