id,date,etape,id_conversation,id_contact,etape_finale
-1,2022-11-04,0,-1,ACoAAAArjpsB8TbFu6TI2FOgunBIyEXaloZbQAY,0
-1,2022-11-04,0,-1,ACoAAAIhZP8B1lBk_ML2glsU2PxqP1VPM5w8p6E,0
-1,2022-11-04,0,-1,ACoAAAFfwboB3Q2TnLMPqdTTiEAXzfPWUxrf6C8,0
-1,2022-11-04,0,-1,ACoAACZIbRYBhRE4hjgK-Ac8-AZF6Dj3EnPV81E,0
-1,2022-11-04,0,-1,ACoAAACygOcBKENMqdBSJrm7wi4DINUur3eDZy8,0
-1,2022-11-04,1,-1,ACoAAAB7ErMB2PtDl4gnf11eJYgYyaRIdQhiA4E,0
-1,2022-11-04,0,-1,ACoAAA5JocgB4O2E9GzRML6hrnUhsMktfJpwPDk,0
-1,2022-11-04,0,-1,ACoAAAvLyo0BfNRtdLE30j4KcP-ecDyXzZiOsi8,0
-1,2022-11-04,0,-1,ACoAABaCs3MBL0nA5HDQ4qTda1gbL-reHhQ8zrY,0
-1,2022-11-04,0,-1,ACoAAB_FtvYB1Na-CxCa_HkSLby9ftRIoefa2s0,0
-1,2022-11-04,0,-1,ACoAABi88o8B4UiZ5TAJwP2J6peCILcgehaEDwQ,0
-1,2022-11-04,0,-1,ACoAACqESiABxgS00i7odj0i7X-0_yDvFNg2ZLM,0
-1,2022-11-04,0,-1,ACoAAAEucI0Bdc6fNg35oVt6SlqMFvlt3M3cg60,0
-1,2022-11-04,0,-1,ACoAAAQsEU8BEO5ol1TUi5LqYtqj6_SGOqJXo3A,0
-1,2022-11-04,0,-1,ACoAABx3gREBoppRUcVZ1uSpn8abjutCL0WRBdk,0
-1,2022-11-04,0,-1,ACoAABGORDUBY-3eZTP5TmgNgBZ1ofbUPMQAs1U,0
-1,2022-11-04,0,-1,ACoAAB2_RrEBMpK0Wq2WSAotTZg_5E4fUYDK6GQ,0
-1,2022-11-04,1,-1,ACoAAAOBhmABVb90sg82DI5mc_eX3hN1k7KMygg,0
-1,2022-11-04,1,-1,ACoAAC5E4q0B2DxOdOMt2iLTN3D6TFea919Qs-U,0
-1,2022-11-04,1,-1,ACoAAAgAf28BbXZg5HwYuVfl-qB5xrCFIU7P1f0,0
-1,2022-11-04,0,-1,ACoAAAEakhUB2yzahJQpbYjygd0KAXKmUMJpsG0,0
-1,2022-11-04,0,-1,ACoAAA1h1-cBOC-7hxrffZLhk2n5KM9KjOzfgPI,0
-1,2022-11-04,0,-1,ACoAAB1TIxwBfgEYl9xYmLieZZLrja_WS1kQN8Q,0
-1,2022-11-04,0,-1,ACoAABfkwMUBWBmRV2CJ1OEA4oRsBT2jjBEYUIg,0
-1,2022-11-04,0,-1,ACoAAAr3h3EBHNsMww4WHNmj8vuOh1BFffTNmZg,0
-1,2022-11-04,0,-1,ACoAAA208hUB995-fbc7yGVEWKoYQcOedUYuWBo,0
-1,2022-11-04,0,-1,ACoAACcbA7oB0yRWvVsBIt2VfMoiC6_hWliJYGk,0
-1,2022-11-04,1,-1,ACoAAAQ_EssBJfIPmg5LCARPmxDb6wONxiQuoRQ,0
-1,2022-11-04,0,-1,ACoAAADsV7YBnGhLSypzVw5ppvOTnrC8hD6sNOg,0
-1,2022-11-04,1,-1,ACoAAAChqPQBBOWn18UsV9apfTeWrY9JjYqtvv0,0
-1,2022-11-04,1,-1,ACoAABRpCb0BPvVa7iA0lkuSO4OvaVPKmZiWcfY,0
-1,2022-11-04,1,-1,ACoAABEghEoBzUo7LMTboz8o5yX1ZjSBoh0v6Oo,0
-1,2022-11-04,0,-1,ACoAAB11pLoBw6aCzObFiEYK2y-CB-q7AM-xmX0,0
-1,2022-11-04,0,-1,ACoAAB3ZE-EBab7d0vYDjS-zBApHnheDeYyTmmg,0
-1,2022-11-04,0,-1,ACoAABgRQ9gBrt0qpaYU28AmseYA8C5FgTmMqWU,0
-1,2022-11-04,1,-1,ACoAABMdtmQBaylJGILafXIyiy8WuZtr1X4dEXs,0
-1,2022-11-04,0,-1,ACoAAA6f0a8BecdCM8pqfIjSZ_xov8IkgPmh-mg,0
-1,2022-11-04,0,-1,ACoAACvdSDYBwLC07lz-jbncwIoOUHgOR5BOflc,0
-1,2022-11-04,0,-1,ACoAAAogdmIBjEOJqO8OPS6l0oapgSM0m6Pf_Rg,0
-1,2022-11-04,1,-1,ACoAAAd1mswB2QFDxyrHLzFDo0bNkc2Fg1PuTfk,0
-1,2022-11-04,0,-1,ACoAACO_OscBg5kHyZNq_FFgxd154u0ktNY93O0,0
-1,2022-11-04,1,-1,ACoAACR6tVQBp0RBH70xo5zlMkNkBAa8H8_H5VA,0
-1,2022-11-04,0,-1,ACoAACG5SlkB7yO7apx-g5qWa5XdAZUFIfVRyd4,0
-1,2022-11-04,0,-1,ACoAAAxCGYIB8W_al-3cobK2n_g5ZoXvAum8Fgs,0
-1,2022-11-04,0,-1,ACoAACWAMX0ByFp3X8AH5DH1vc1021h0ICLXv0c,0
-1,2022-11-04,1,-1,ACoAACo6dmsBKRY_t0p4RByyq9Ijp8z8V7OxIKo,0
-1,2022-11-04,1,-1,ACoAAAyvyqIBca1uzjzOgyltWwZlhnxHU7PXvdk,0
-1,2022-11-04,0,-1,ACoAACPIL9UBKYBwoTShOIPLHtRceHmxg3NUVQQ,0
-1,2022-11-04,1,-1,ACoAABFK_XoBv4ccprjhuvUA8gd7joS6QnwILoo,0
-1,2022-11-04,1,-1,ACoAAC1mrfQBbOx7x-HfwMuuDKxeKqtrQdtFRO4,0
-1,2022-11-04,0,-1,ACoAAAxSQWMBRX3HvkvlV8ncGBYbWC5O3Q3XS0s,0
-1,2022-11-04,0,-1,ACoAAAJBmM4BT5NkfukigwY8y6pjl-IMzo_FItM,0
-1,2022-11-04,0,-1,ACoAAC5yd-sB89CeXJ5bXh-UoD_g91Q_sxwHK_s,0
-1,2022-11-04,0,-1,ACoAABQ0tr4BpsJSWEtlLKB9-ra-i4GfttWJ9uw,0
-1,2022-11-04,0,-1,ACoAABYr2GYBOBr8355F9oktz0wYocMVjlSLmkc,0
-1,2022-11-04,0,-1,ACoAACqIshABr2ABoKvXmhXEpreysq_Q8Q7t4Jc,0
-1,2022-11-04,0,-1,ACoAACLPu-wB0U6MhekFzEu9vlfLZ-3pRzmFBao,0
-1,2022-11-04,0,-1,ACoAACEL2T4BR9NxMhVnyoI2qoIV0q4EdVMA2Pk,0
-1,2022-11-04,0,-1,ACoAAB4CuWUB9J_ZxSsAhjYaYqaLWcQDWK8yPDo,0
-1,2022-11-04,0,-1,ACoAACNJQpkBtHf2yjct4SYoQQvn4iKeQ4xP_XA,0
-1,2022-11-04,0,-1,ACoAAAdAoT8BJ4-N9jlXunzW0Jz7EcaloRWabJc,0
-1,2022-11-04,0,-1,ACoAAAbN7BMBsSN66QbwXoOGv6cpakSq9VeC3nQ,0
-1,2022-11-04,0,-1,ACoAAACl3CABN3w0jkQo0qjyYhdPhSaOa28_pKo,0
-1,2022-11-04,0,-1,ACoAADEM3CoB8eN7wtbS6w1wI_iPWAfsIwQLt2M,0
-1,2022-11-04,1,-1,ACoAAAx4_LkB4TvUxnSaBgH-z86ZG0QDGieBkQQ,0
-1,2022-11-04,0,-1,ACoAAATwvZ0BF1hmXX4EkYvwAtNAvKGAzPKMKaE,0
-1,2022-11-04,0,-1,ACoAABVpPWsB7JM82fdTiEgdA343l-jK3BEjLiA,0
-1,2022-11-04,0,-1,ACoAAAICBd0BjOaj0O-KMGSBN6PjNPbVrzdmBMw,0
-1,2022-11-04,0,-1,ACoAAAIi53IBZAMP98hYnJc6nzgip5QZJCTDgGQ,0
-1,2022-11-04,1,-1,ACoAAAkGKrkBKryf3qTuMkW3F1vetQ4sFimv1aA,0
-1,2022-11-04,0,-1,ACoAAAE2PtoB285Q4ITi708L4VLjDnsc31kdlKg,0
-1,2022-11-04,0,-1,ACoAAA3lHVwB1iWOrSY-FlV8_z8a0Kj6DkVkhCE,0
-1,2022-11-04,0,-1,ACoAAAwKlM4BzPNlBBDlTXsDvDC5_Fv0hGwUoJE,0
-1,2022-11-04,1,-1,ACoAAAFUFCgB0eZOsT8wqNGE3A2qp_RhF_YNbRE,0
-1,2022-11-04,1,-1,ACoAACv-YpoBZMdzHcGFL9N7PbP1Qtjur11IKYo,0
-1,2022-11-04,0,-1,ACoAAAET1zYBMcYwETgEvZVIsvj4cfO18Sb0txM,0
-1,2022-11-04,0,-1,ACoAAABynFcBq1Oxl2wJ8acZ88yELmKOl2NC_48,0
-1,2022-11-04,0,-1,ACoAAAWyhh4BahP8kFkiFiHomANyPYbGch17zok,0
-1,2022-11-04,0,-1,ACoAADgCAOIBMMuoiZ2e6vU-qybeZV9gTfi3LaQ,0
-1,2022-11-04,1,-1,ACoAABOXcAABGs1t8OoZdEzVCdpQzpAGhZLQw_c,0
-1,2022-11-04,0,-1,ACoAAAu0_iABB6SG-4u55lGXNg6xAgbxcFpIjto,0
-1,2022-11-04,0,-1,ACoAAAR7oZoBOu6zmnI-xNd5JyXXqZ82o3P0kZk,0
-1,2022-11-04,0,-1,ACoAAATNz1kBxssVbe42RahlUk_wn_hL7U1JCLo,0
-1,2022-11-04,0,-1,ACoAAACA8qABqFl-Q4sABBzrLd9LVYAUKIdNhDM,0
-1,2022-11-04,0,-1,ACoAACR2STAB3zlb3hK8hufWGGiCZwm772-jYw8,0
-1,2022-11-04,0,-1,ACoAAAB51LIBjyyZbgfLsCnXjljOb46qkKRyY9Y,0
-1,2022-11-04,0,-1,ACoAAAG3eaQBnFr5JycWA5645iPy2NAQVYPeXSA,0
-1,2022-11-04,0,-1,ACoAADCptVUBRh4Hrwm4AH-iVcRVnC5cc5Fd2Rs,0
-1,2022-11-04,1,-1,ACoAAArcX1sBTAdPP9MUIiGHAx6HU_yXtNN_lVo,0
-1,2022-11-04,0,-1,ACoAAABHya0BQr7p2Aszj3httfeBTCepDHkJ_18,0
-1,2022-11-04,0,-1,ACoAAAMigO4BxT7xqf-ey5Fdyb071qJTleP9AxI,0
-1,2022-11-04,1,-1,ACoAAAFUNcwBTFcOVu1nW9ylBR-l9xdZ_TuyAxc,0
-1,2022-11-04,1,-1,ACoAAAoUtsgBOlZ5a5Aec18zyXBxgOhGfh6YUF8,0
-1,2022-11-04,0,-1,ACoAAADn_B8B9VcjMaGyCqw5NsLTxG1J4k00W-g,0
-1,2022-11-04,0,-1,ACoAAABB1dwBQmVJ-FgrTQDskdRpVIAEeCL7Ne4,0
-1,2022-11-04,1,-1,ACoAAAMjISUB8diAp7bJvQRbQNupTabxZYnylhs,0
-1,2022-11-04,1,-1,ACoAABisi9AB21-j1Zg1SC13heVTJHkyZDlwe50,0
-1,2022-11-04,0,-1,ACoAACBSTsMBCPaac-NW48ZTByrIjEIL6JsJgZU,0
-1,2022-11-04,0,-1,ACoAAAAPJDYBD5v_KEuEDMl77NF3s7BldkC0OMU,0
-1,2022-11-04,0,-1,ACoAABf6-qsBieUn1iabuK5zlhWTKLCk4UvTGLg,0
-1,2022-11-04,1,-1,ACoAAA0sTQIBd8hWUfwkZo9SP-5j32Q5IQMZZU4,0
-1,2022-11-04,1,-1,ACoAAAX_7DYBLY2kvb0Imp-ZMrUvhkM2hGifQ4A,0
-1,2022-11-04,0,-1,ACoAAA6hXSABbDk0dMms8AxxEjg-6Fr1P-MIdhs,0
-1,2022-11-04,1,-1,ACoAADlWqPUBm4qCUFnGXKj8_6_DuBdvM6Hq6s0,0
-1,2022-11-04,1,-1,ACoAACnoODQBLzmNsqa1xfpiImcnqQtRJJXETqU,0
-1,2022-11-04,0,-1,ACoAACQ10UkBamWI5O07lzPhq8fx7886IJ2aQXM,0
-1,2022-11-04,0,-1,ACoAABv1JeIBEWfImQ2AGvtIHMxonssoPHGASBU,0
-1,2022-11-04,0,-1,ACoAABOLoncB174oqULHwG2NDmvMTWhWv-Q8dbs,0
-1,2022-11-04,0,-1,ACoAAAmJX2QBxyC1t7Og8jbh0gktb7fE6pKrPow,0
-1,2022-11-04,1,-1,ACoAACUZMBcBu_sB6Dzf7eqn8rS7LFiQu5fxXQE,0
-1,2022-11-04,1,-1,ACoAACA_wQsB4lRtOrFMV_DT1J7dagymH4Bye8Y,0
-1,2022-11-04,0,-1,ACoAACBy4FkBDf9d_eYA8rAkxgvfn9fKk3eiQiU,0
-1,2022-11-04,1,-1,ACoAACJn7GEBwYeVc0JLhR57G_Zh6O67YI3Fums,0
-1,2022-11-04,0,-1,ACoAAB6gZbQB8YaGjuFzFyPvCiP83OWN7Eyz0-0,0
-1,2022-11-04,0,-1,ACoAACczWZ8BYfRb0r_bzT3Sh0IALB_Byi8YhkQ,0
-1,2022-11-04,1,-1,ACoAAAUBykoBRNErqAnhkD7Os-nAxAqaafRLqRg,0
-1,2022-11-04,1,-1,ACoAACqxZcEBGCJomkupo6tsUOwApOgbcWtQiWw,0
-1,2022-11-04,1,-1,ACoAABfPqTEBtom978JOwsc2AI6HrzZ8ZtKdlQA,0
-1,2022-11-04,0,-1,ACoAAByTLbMBE5R0UNZyBqF1K-uS7kyYvJF_lc4,0
-1,2022-11-04,0,-1,ACoAABRn6O8B4bJOuNhqr97wqYaqUlggFSzSWgQ,0
-1,2022-11-04,0,-1,ACoAACeu1pUBSMtQboePrT5fIZ4ne99wsz0k--k,0
-1,2022-11-04,0,-1,ACoAAB-YbhoBBXaGWnuRLMysBdc4YneTJC9V7PE,0
-1,2022-11-04,0,-1,ACoAAB7uJxYBdJQl6HoWVNFMb23rV6CRBdLOWTM,0
-1,2022-11-04,0,-1,ACoAAAFWDcoBqifbqo8m5PRXXNQjToIVmwsrEDk,0
-1,2022-11-04,0,-1,ACoAACdYYvcBDwKjtk0yVWl1OldUlCh41w7z7Ho,0
-1,2022-11-04,1,-1,ACoAACZUBkAB_8ahWilA4hoTJv7MpKCtUDDLQYs,0
-1,2022-11-04,1,-1,ACoAACTsLM8BP-0HaN7aUfNZoRTz5faDBxptqDM,0
-1,2022-11-04,0,-1,ACoAABpnl9QBM0s96zvO77WGovTTSkM4H-J76gE,0
-1,2022-11-04,0,-1,ACoAAB5jYhsBQ08SJQyWtVGl41rfF8FE-nWabEw,0
-1,2022-11-04,0,-1,ACoAAADKJP0BCt0BPJAOe_QYyo7yqcUEQR1JEKw,0
-1,2022-11-04,0,-1,ACoAAAD4-l0B8btIp_7668axgyYih8G_GAzvBsA,0
-1,2022-11-04,0,-1,ACoAAA_zmA8BdLg5ADQJPua8vTxFN27RNpPkgOs,0
-1,2022-11-04,0,-1,ACoAAAOKwVMB-F6DF4wZBSX4e7f2ibADYUanu7E,0
-1,2022-11-04,0,-1,ACoAAADd_1YBEc3n_YowDbz70ugwnKpQ4SAsmyo,0
-1,2022-11-04,0,-1,ACoAAAM4yGQB-g2nrKYt7klUOecJ7H6cKQmNzXE,0
-1,2022-11-04,0,-1,ACoAAABC25ABNxx29-igEqf0-nO_7F8GgG_sjbc,0
-1,2022-11-04,0,-1,ACoAAADL2DMBSh6TBKCPYfuqNf3db2gj33CXj7A,0
-1,2022-11-04,0,-1,ACoAAAF_OdEBSk4Y6HW3IKb9Qh_dsEIfRzbMBSg,0
-1,2022-11-04,0,-1,ACoAADndOZEBincm94VsXlUBzaOqjQY1pG_Mbb4,0
-1,2022-11-04,0,-1,ACoAAACTlW8B1rrwhPJZceqe-Ij0W5Qq305RmHQ,0
-1,2022-11-04,0,-1,ACoAAACbmeIB8gchFfl9HV8g8llpQt1eiN8_1tc,0
-1,2022-11-04,0,-1,ACoAAACBeEYBxMHc_s3yeZQgOQlId7OSwgI4FnM,0
-1,2022-11-04,0,-1,ACoAABjMAq4Bt4HLmBl9mk35MnToZ5-4NKNo9Ac,0
-1,2022-11-04,1,-1,ACoAABIJSekB39mDtcG5a2oQcp989vmFDG7Lnu4,0
-1,2022-11-04,1,-1,ACoAAADp1pgB57IlDGvCZLKqx42Tb5Zh5cUs664,0
-1,2022-11-04,0,-1,ACoAAAHxVzcBNS8-6GYvpja5QpswQCje0J4moto,0
-1,2022-11-04,0,-1,ACoAAAN1Kg0BbSmyWHrTqCDq9v11OxDxbWNmPYQ,0
-1,2022-11-04,0,-1,ACoAABIY6QYBRZHoZhjlYEJdSXSarKmnEp8cTLA,0
-1,2022-11-04,1,-1,ACoAABKV1KwBA85HyFkw3Q66MxD2meN1AZ4Fhyo,0
-1,2022-11-04,0,-1,ACoAACFgC9cB2bb_YXktzipkPS1HOHH2snuBDso,0
-1,2022-11-04,1,-1,ACoAAAn0zewB4AVmO5JA-X_TnAtOzLYtcFdCvkY,0
-1,2022-11-04,0,-1,ACoAAAxRVW4BB-MxSX8zl_cHBz1TgU6iyDJ47Bo,0
-1,2022-11-04,0,-1,ACoAACJS0-MB4BpqOPVXKchVL4KsXgjFl8FOzxw,0
-1,2022-11-04,0,-1,ACoAAACNio0Byy9KTVCtDCsg0CmJOSsugx1U9oU,0
-1,2022-11-04,1,-1,ACoAABfHCk8BZ1v_IwY_9FNoO0V80EVjL0D5gAA,0
-1,2022-11-04,1,-1,ACoAAAcxX9IBPCjV1hDZ1eZjJMlFBhzB4E4rD_U,0
-1,2022-11-04,0,-1,ACoAAA1hpckBAQsJkkp2lsNifkXXfkMp_6FGzeg,0
-1,2022-11-04,0,-1,ACoAABtLcj4BQkhwrVxqdoBZrHQKL_vs4eVtvx4,0
-1,2022-11-04,0,-1,ACoAAALdjVABxWL2RBOYVqHrr7JQbmdauTwdp9A,0
-1,2022-11-04,0,-1,ACoAAAZZoQABpNlMpv27OvHdf3u5Jn27Rz1v1U4,0
-1,2022-11-04,1,-1,ACoAAATsUf0BvlcHSWRdvB6eFMjut6ZwGb1BAzk,0
-1,2022-11-04,1,-1,ACoAAAAaDTkBOOR3XCneMGmWzjd857yGaKBEPCU,0
-1,2022-11-04,0,-1,ACoAABijD6MBxoNz98K1HvLEGyLr07eAh1a9E1g,0
-1,2022-11-04,0,-1,ACoAAABMGJUBQOoIP9xV6CUgbCAKPAo4fl3DhN0,0
-1,2022-11-04,0,-1,ACoAAAQlnPEBYGLDuf-JyHxiPLQvhsMuaAt8cEE,0
-1,2022-11-04,0,-1,ACoAAAkRZk8BxNBzZZkVFRAHohdzIjPh0kQ5utk,0
-1,2022-11-04,0,-1,ACoAAByjbNIBPhxxkZGJrAJo1FGA71lm6VEVcO0,0
-1,2022-11-04,0,-1,ACoAAAXNZV0B98tzTa9vN9T1IgNeEPrHzp9zhWM,0
-1,2022-11-04,0,-1,ACoAACKhjtYBmwBSqkrv-3Wha_KOgl-4dHpIKu0,0
-1,2022-11-04,0,-1,ACoAAA_NBbUB3vvXmnJ9oj3XtRdSorQAJ1WgWLc,0
-1,2022-11-04,1,-1,ACoAAAM0qi8Blhxx6Aisn5OXon3kiAg_b-LC-iQ,0
-1,2022-11-04,0,-1,ACoAABvfdZAB4nbhDkav8k6E9FHL9xtgSJh1kzE,0
-1,2022-11-04,0,-1,ACoAAA1aon4BheXfoUd_yWYxhGD9aq5FCmCtn-I,0
-1,2022-11-04,0,-1,ACoAAA09vpEBxU5l1qgSyUd50DW_SwXOyJCHfCM,0
-1,2022-11-04,0,-1,ACoAACHumUABdJL-p2nWT4Pto4Q6aRKB_WrJi34,0
-1,2022-11-04,0,-1,ACoAAALKT6UBatY1NsMg6cJaPB0dsWfpt64G0rQ,0
-1,2022-11-04,0,-1,ACoAABsFUM0BEH5TXC3YwJfzuoVatyuhMCadvXU,0
-1,2022-11-04,1,-1,ACoAAAWfCXwBiWdUFqFhJilI8K3TM7e-zxDIgQA,0
-1,2022-11-04,0,-1,ACoAACB1lHkBSJBUIc9vgAqdbzREZk3tght4IVU,0
-1,2022-11-04,0,-1,ACoAAB-Z2N0B10l4G6wmfaHLh2W7oK9iN9T6ExA,0
-1,2022-11-04,0,-1,ACoAADAh7c4BDzKSmSVH64wyPTAkUjg7USKRUNE,0
-1,2022-11-04,0,-1,ACoAAB0Aw_ABCkQMt19trdA95puzEYN6TIOsVkM,0
-1,2022-11-04,0,-1,ACoAAAhqHKkBdPIUHEjvl2Qg0Ck7DHLAtAJ4yXc,0
-1,2022-11-04,0,-1,ACoAAAm4iScBRrzrJ2S1_3sIreTPybzre0_Ym-o,0
-1,2022-11-04,0,-1,ACoAAAOzQpcBzf0-Y0AFUvpx558PI3fFvr1Rsn8,0
-1,2022-11-04,0,-1,ACoAAAAl-EEBO12XnPjHVSGKjxkRikfMMoaM3hE,0
-1,2022-11-04,0,-1,ACoAAACD8gwBhYHXxNURpN6W_lT3zXIg-EjiBEY,0
-1,2022-11-04,1,-1,ACoAABzdUacBZxnSKxwU2GYBeokGBhvRlFJBuko,0
-1,2022-11-04,0,-1,ACoAAAKL3RUBTWt9vpBG_WHxm6ExNPtD4OWT-jE,0
-1,2022-11-04,1,-1,ACoAAALq674BAlnsTUeNM0khyHmG2XR_QFW-gGk,0
-1,2022-11-04,0,-1,ACoAABOwlEcBQ3I0pxKjUFjBHgciCC1QrIPhFgc,0
-1,2022-11-04,0,-1,ACoAAAacU2oBdVXq-am0XUSweTTz12nYYc6vU00,0
-1,2022-11-04,0,-1,ACoAABFzJ0wBmHqzOS-RKTyOyMq46es_bh4TFYw,0
-1,2022-11-04,0,-1,ACoAACbrpYABPAcZyM7HKC3se2sp3Dt8M6UzDZc,0
-1,2022-11-04,0,-1,ACoAAABILjEBkN01TQ3esbbalQCKdHXRBck3BYY,0
-1,2022-11-04,1,-1,ACoAAB9_kV0BvT5Reylc18q3slS-4CYyM7ovZ-k,0
-1,2022-11-04,0,-1,ACoAAB6wuSgBTczYF_wqmCA4BkXASkMIqsh58pI,0
-1,2022-11-04,0,-1,ACoAACDZRIEBuROuBqfbDGEK8C9JCfVDOMDzBug,0
-1,2022-11-04,0,-1,ACoAACsQ8IwB_z081Hh5JY3-692trW7ZB_BI5pk,0
-1,2022-11-04,0,-1,ACoAAAk_AFsBbRGLCKDJQX0dqAJt0Fyrls2G1Go,0
-1,2022-11-04,1,-1,ACoAABUOWCQBoP3jrJj6ELXI2Tmr3N_opyWIYNQ,0
-1,2022-11-04,0,-1,ACoAAAdIu-8BUxXZDod7cLx2n2TJo2M35L8GNEA,0
-1,2022-11-04,0,-1,ACoAAAOiefMBtrQlpdl96Kn18C0AaXfRYXi8pJ8,0
-1,2022-11-04,0,-1,ACoAAATCTUkBjbMXyGe_QhydYJ58bGULT8Hp9os,0
-1,2022-11-04,1,-1,ACoAABhFlQsB6hlOVQPA8VwxGgI5EFLDYgvaEbM,0
-1,2022-11-04,0,-1,ACoAAAEPcu4Bf-_OMrXlGxKFYMRvmd12lnB7aeI,0
-1,2022-11-04,1,-1,ACoAAAAagi0BxFcgriFOSa8JuLhjtxAZIpljaGw,0
-1,2022-11-04,0,-1,ACoAAACP4O4B6sKPNfmCrhlwkuhi0AS31v7urN0,0
-1,2022-11-04,0,-1,ACoAAAqRjSoB21uxkMO9jKwoFVgFKZEIP_hPnn4,0
-1,2022-11-04,0,-1,ACoAAAnpMpUBkDO37R_2nNyqyV1fd8hTjBf-Bts,0
-1,2022-11-04,1,-1,ACoAABr45q0BhNI-fHPKIxYsrgUYqka2Api-5CQ,0
-1,2022-11-04,1,-1,ACoAAA4yjNQB1nKIZrXQyRnIPWoJ6wEYEFKGzOc,0
-1,2022-11-04,0,-1,ACoAABEN2bIB2yGd7i7AOpMM_CAr0Pz6tVIzBPo,0
-1,2022-11-04,1,-1,ACoAAAAWUYUBZjQ10DJHG7jtIr9a-5YhMgKJn8g,0
-1,2022-11-04,0,-1,ACoAAAjBMQMBFvzBCwp0Q1vuyNc73xHcHE889TM,0
-1,2022-11-04,1,-1,ACoAACWYhjoBHn3udr2Cy-gupb7LNoXpf-5oiUE,0
-1,2022-11-04,1,-1,ACoAAB5AA0gBud1pc0GqMH6dejgB-qsurxmMQRg,0
-1,2022-11-04,0,-1,ACoAABgIkxgBj_5_ICAyHzVTQhKIjkA4LPUNJnI,0
-1,2022-11-04,0,-1,ACoAAAuxYLYBvydPUOyv9vMNJWIlKAU3YkPpFMw,0
-1,2022-11-04,0,-1,ACoAACOvfXwBWOGFSbkJsMSSR3EVUa5ZlwAH988,0
-1,2022-11-04,1,-1,ACoAACI3pLoBS5c-oqO6Krjl8bq1Ig5FFHFtzus,0
-1,2022-11-04,1,-1,ACoAAB-OiBYBUzjPNsSTV4nsjW99wJMAu2TXUhw,0
-1,2022-11-04,0,-1,ACoAABD4dbQBIQBQEoL9QNCj96OOtme6Arq7Ygk,0
-1,2022-11-04,0,-1,ACoAAABOj_YB-lg6dYNwwkBK6EjXi_84qE8XWC4,0
-1,2022-11-04,1,-1,ACoAAABXwCoBWsxYhVIHnHfX19VdVwgACZVNfLo,0
-1,2022-11-04,0,-1,ACoAAAnxOuoBj_ERGz0hjj0zAOfWwC_MODxCNdI,0
-1,2022-11-04,1,-1,ACoAAAZogEgBEI6RDDLefkPnGWfzz7HQq5o-OCI,0
-1,2022-11-04,0,-1,ACoAAAHwOMsBhw0LJiduORjfcqiBsTf345Qie1U,0
-1,2022-11-04,0,-1,ACoAABSivVYBNWJIpm2KuvPJfiCSVXcc5efN4nA,0
-1,2022-11-04,1,-1,ACoAAAcWRX8Bj-Jw8Ei1p_0uaEIVvY0lRaIJqIE,0
-1,2022-11-04,0,-1,ACoAAAUNDYwBg_zKiJZ1uQNIe7TarUKAtCohXuQ,0
-1,2022-11-04,0,-1,ACoAAA_VxpIB6dtqgFn-3cAF4CatmvA0EJv3Sl0,0
-1,2022-11-04,0,-1,ACoAABu04HkBsw7MG6pWTO-oPImGJLcIo6Pu0Is,0
-1,2022-11-04,0,-1,ACoAAAGls8QBXfWJZTwsSoTSWT9QT3_QfkF0enU,0
-1,2022-11-04,1,-1,ACoAACi3HiYB2QEY-g7QOh9yJs2iIRjrU2hg6pk,0
-1,2022-11-04,0,-1,ACoAAABeJGoBd_fEUdyvFN3VAunoMPb1NpVxuUI,0
-1,2022-11-04,0,-1,ACoAABncPOoBlFXyFjxO3oHhLRHrnN8iFV6kZ8s,0
-1,2022-11-04,0,-1,ACoAAAAeKZcBZuU0E4D38gDyQ9tGYsyedRtQGS8,0
-1,2022-11-04,0,-1,ACoAAARNahEByh_54dWxQHIOiCxuuJU_DaQGUTQ,0
-1,2022-11-04,0,-1,ACoAAA8BlGwBMOQIhHXvkZSqkmNuwBOLiRge7WI,0
-1,2022-11-04,1,-1,ACoAABBXM4kBD_J8TSyH2qomI_IbcJbkeqgcE_A,0
-1,2022-11-04,0,-1,ACoAAAPavBsB-2eukNLZywZBplHyV5OE_Z5fDFo,0
-1,2022-11-04,1,-1,ACoAAB-h9EMBSZspdQc2d7T0EXKUX8OnbjQI6ag,0
-1,2022-11-04,1,-1,ACoAAAxFHuUBviNHCOWsxzBbRUXgGsjfwTAh0GU,0
-1,2022-11-04,0,-1,ACoAAAXzGYkB2fpQvIRbUjBxLNs6ZCPu4WPkYWA,0
-1,2022-11-04,0,-1,ACoAABqlfVQBJmSxkbFzMarYt2MbrnzpEWcvpao,0
-1,2022-11-04,0,-1,ACoAABKS_hkBQCEA_uiIhRh1tiMjdzhik_aCuFA,0
-1,2022-11-04,0,-1,ACoAABA2vP4BO8wTzAZwVxd-OlcO2RYMBMz7rg0,0
-1,2022-11-04,1,-1,ACoAAA6I278BbwFxeocaGac0VAiORUPmXKMgUAE,0
-1,2022-11-04,0,-1,ACoAAA-BIbEBE6C8McleI40GRYU6sP4RWgwCtU4,0
-1,2022-11-04,0,-1,ACoAAAj1tbABohEJJ6ReD6x70TRxu9sVYGWcgIU,0
-1,2022-11-04,0,-1,ACoAAAFTBzIB4Ykq4hl9bfJCTMrFR8eiGBLX0z0,0
-1,2022-11-04,0,-1,ACoAABjBMd0BWNjfRoGUSNXzf0PagmT31q070XU,0
-1,2022-11-04,0,-1,ACoAACcn6VABmy_zOPrs2ekyytUaS7qm5NtMSHY,0
-1,2022-11-04,0,-1,ACoAACu2H68BdVVCbJReXNJvROlfE1Te8NRaE4M,0
-1,2022-11-04,0,-1,ACoAABtpGpwBbYWJGXqzfiCq04mMYETz6PFiRYs,0
-1,2022-11-04,0,-1,ACoAAACN4V4Bh2yeo6Bf7jiTq9zuDrl39s5gIxg,0
-1,2022-11-04,1,-1,ACoAAAhCQjUBKfx4c8z7a5ag1CuysxFTjMsBAkE,0
-1,2022-11-04,0,-1,ACoAABFoAIwB6iFeCiTbMYr_dzzSMTWZOGJFf3s,0
-1,2022-11-04,0,-1,ACoAAB2bcncBa-z5zD7EuRUvEw7ddxgJIP_2uYA,0
-1,2022-11-04,0,-1,ACoAABXQ2acBxIcEWo7SYs8bIJ6ezgiuuxPnYPI,0
-1,2022-11-04,1,-1,ACoAAAtQ92cB3mjTid7X-ZYXTMo1wRbJ2ujMIX4,0
-1,2022-11-04,0,-1,ACoAAAddFZsBw3Dj7wSQqjw-ioT58wiiwoxOsB8,0
-1,2022-11-04,0,-1,ACoAACTDHWMBJmIrH2NIsIQiaSVV7MUvllPpYGQ,0
-1,2022-11-04,0,-1,ACoAABaH5i4BZ8k41Ge6WcDD-uPXDtx6hn-1BdY,0
-1,2022-11-04,0,-1,ACoAAAY3EOQBAvV59lOlhI-i11I4JPOGdEFOBtA,0
-1,2022-11-04,0,-1,ACoAAASOgfoB-pgZ909Q7tJG-0NKZxP8Dlfjep4,0
-1,2022-11-04,0,-1,ACoAAB4JJV0BsQ_JMOrDIlVFBoudxb4iJqBfS8Y,0
-1,2022-11-04,1,-1,ACoAAAQvi5gBu2OptDIkTwHnQNLX4zMkZSsfTgs,0
-1,2022-11-04,0,-1,ACoAAAb96vABq4SA_aKo1cxkZFJJVnfjTI9j8cM,0
-1,2022-11-04,0,-1,ACoAABnimk0B72pNfCB7h7j7XkrY8Y5NXRmdoY0,0
-1,2022-11-04,0,-1,ACoAAAbbXvUBrnfiC2ciyvl8RaH16zu2rsIZ6Ss,0
-1,2022-11-04,1,-1,ACoAAAswPTIBZ3TADWQ5bntHCll2a19gS23hvSc,0
-1,2022-11-04,1,-1,ACoAAACo_Y0B2y-cN_xrEBZMZ3Wgm7B8plxvei0,0
-1,2022-11-04,0,-1,ACoAAAy0qhcBN4P3akACzzvPz0-YBkUFVbxbgOE,0
-1,2022-11-04,1,-1,ACoAAAs_YpwBK3HDbamKd9ePit21K7asvabwncQ,0
-1,2022-11-04,0,-1,ACoAACQLzFgBa1BJnloJf4Xwe94bcD-bQtagDa8,0
-1,2022-11-04,0,-1,ACoAAAay8wQBJ80uZL8xzBciMadLEJDIos7hSSI,0
-1,2022-11-04,0,-1,ACoAABbsHfEBh54i2HSHeMuFDihWXf-uOqanN8g,0
-1,2022-11-04,0,-1,ACoAAAgbFeIBcKMzwgrSTZ3tTgCPx5TFvXAaZs8,0
-1,2022-11-04,0,-1,ACoAADU0v98BnSP9lTE1J9degsKwnysdA8sKXl8,0
-1,2022-11-04,0,-1,ACoAABH2CIUBUwQtMflesdQtZixDmAVpMk6Bxo0,0
-1,2022-11-04,1,-1,ACoAAAKDYycBoDOxpX-iWBa84rc8HQmL5xlXDFM,0
-1,2022-11-04,0,-1,ACoAABSJesABUcZvTCyR0vBPucsdRs5AYowUZmA,0
-1,2022-11-04,0,-1,ACoAAADcMVIBbiVr-zXhtl1DFcdEG0jtFZ9PsDw,0
-1,2022-11-04,0,-1,ACoAAAjFEzYB8azoj3qNzK3k3wLTxX6nuTXtOPs,0
-1,2022-11-04,0,-1,ACoAAAU0vA4BcYNxQGkgL98Q8WfDQSS80yJrEoQ,0
-1,2022-11-04,0,-1,ACoAAAQhRpIBYDRrtFmyh-hxH3DujkDUzYCW_nc,0
-1,2022-11-04,0,-1,ACoAABCXseQB1tTZvqtJCN59BYDtX_LJo50uUUk,0
-1,2022-11-04,0,-1,ACoAAABzFkUBtuiAmJ2Fae6lMhEXLBVIq8RXJeo,0
-1,2022-11-04,0,-1,ACoAAAxZ4KUBVGyXAUzjLd1kz-fBEqDCFeraHak,0
-1,2022-11-04,0,-1,ACoAABUtQ00BUFHF8b7tNAb4xrWZ59E8Nclrvdg,0
-1,2022-11-04,0,-1,ACoAAACtYJcBzp6CagZ_m2zBni-AA15pyAw6o-Q,0
-1,2022-11-04,0,-1,ACoAAC3WkbcBB63EyrrxJkPXNhx2Km-Y5bsybXM,0
-1,2022-11-04,0,-1,ACoAAArUB1QBn-FhmT9fmuzu9g87fiw23EmGwhw,0
-1,2022-11-04,0,-1,ACoAAAdKTrsB4-BFO3_s6hS5lX_7JrQkctU1v34,0
-1,2022-11-04,0,-1,ACoAAAiEMbYBIU4Su3AByJiDVaWytdjdae-8fl8,0
-1,2022-11-04,0,-1,ACoAAAO4IaMBjpisNxz8FiGgimG0F461zqjsWR4,0
-1,2022-11-04,0,-1,ACoAABa3MM8Bv6CDwZY4mw4blI1J1t71_1v8M_U,0
-1,2022-11-04,0,-1,ACoAABhxNmUBQAIfysT83aB7GMA_SfIgkxIfMPw,0
-1,2022-11-04,0,-1,ACoAABmGh14B-QqW-G4SGUUpHPuw8d9cNLEGZIU,0
-1,2022-11-04,1,-1,ACoAAAtJLGIBLX9-gtAvEgiugx9b7f_i4Sr7j2g,0
-1,2022-11-04,0,-1,ACoAAAgKJYABK1fqnlG7rDL-AQKvlGmJ2cDyehc,0
-1,2022-11-04,0,-1,ACoAAAW60mMBbMVwpEhoaZQWYx4YsTjroe3jaEQ,0
-1,2022-11-04,0,-1,ACoAAA55tJYBGeyCIBMV7LYoO5MTa1Tc6j-DY9o,0
-1,2022-11-04,0,-1,ACoAAAT8__gBNj-DCNPZkBtvyqe-hYhWLyVyYak,0
-1,2022-11-04,1,-1,ACoAAApOsnYBEV_LWgWwv1gO3jtukzyZMcqmuc8,0
-1,2022-11-04,0,-1,ACoAABtIp2QBEG2LkGHzn5XOnFbpv0o-T63mybw,0
-1,2022-11-04,0,-1,ACoAACBDXrwBOjnSWGuNEuhudIgfPX1I7Qa4OAw,0
-1,2022-11-04,0,-1,ACoAABXxZo8ByA_NpoWdaTvTkuBXJugrlFgA6k0,0
-1,2022-11-04,1,-1,ACoAAA3RC2wBLvbDWFcGUxoOiogVPdVxq_MK9JE,0
-1,2022-11-04,0,-1,ACoAABcv6C0BUON-HBvbGW_Ut5J4_TdCI0bOOcs,0
-1,2022-11-04,0,-1,ACoAAASSnu8BOTYxWLXi73zJKNe8JHHzt22rQDE,0
-1,2022-11-04,1,-1,ACoAAAWuyxsBEO9div2t1nFNJipYnFFInPoTdyc,0
-1,2022-11-04,0,-1,ACoAAArkq_sBqPOPzwoQV2-KEaWtjOHsxPZtQ2M,0
-1,2022-11-04,0,-1,ACoAAA77yLcBDHPboXbopFQen6DK8NHD_idE3T8,0
-1,2022-11-04,0,-1,ACoAABI_S6kBB-srfJlFo9hVoVOXs8qFdkC_BvI,0
-1,2022-11-04,0,-1,ACoAAAOqkisBCx57f8P4uPydl7somSS0vw6Cmik,0
-1,2022-11-04,1,-1,ACoAAAC1y5wBnbBnaNB7Ttyp6IN1GZgj7sv0fEw,0
-1,2022-11-04,1,-1,ACoAACGOgLcBDso6JpymT5l0mmzKJtYyieZG5_8,0
-1,2022-11-04,1,-1,ACoAABxg-L8BjWLAiKXbE-eVZM83Ojo9wsvV_nc,0
-1,2022-11-04,0,-1,ACoAABXkwV8BvP-ZSQeIujTFgHp9QpVdfgNiNgI,0
-1,2022-11-04,1,-1,ACoAAAHBvSMBHEPzak5QfhpospD9DOY_nTDSsCw,0
-1,2022-11-04,0,-1,ACoAABh3kJ4B5m58KTHIT3kG5HEMLp6-87GpuG0,0
-1,2022-11-04,0,-1,ACoAABulyMMBEcOGDVosE97U57KtgYx4wb-bpBk,0
-1,2022-11-04,0,-1,ACoAAASSefQBkf8dubORxMCb9eh6zTaxcC9za2Q,0
-1,2022-11-04,0,-1,ACoAAAaYpWoBsDzTlWNPzYvl4WotkpvEzdB-95c,0
-1,2022-11-04,1,-1,ACoAABGt-4oBv5x_bFVY7-f1DQ8kiDg8_FrWw9A,0
-1,2022-11-04,0,-1,ACoAABGf6lcBK_YnGW_e_j7SJvzbH2J6_Ddfq68,0
-1,2022-11-04,0,-1,ACoAAAh70-MBiGOnvEj1psc6ZxJNyAScWFLQiDs,0
-1,2022-11-04,1,-1,ACoAABU1gLEBg_Ubu7FOTRr0-nQcFRJRCmgyua4,0
-1,2022-11-04,0,-1,ACoAAAiwaAkBLqYE-5jc4Qr-F-0EOmvaCfqKWFA,0
-1,2022-11-04,1,-1,ACoAACVLJqkBhZeYJ6L2HxFD5DXeCRcYdKV5PKs,0
-1,2022-11-04,0,-1,ACoAAB6b9yAB-Gna8qu05BvArVZ5pHTAkQxZYtw,0
-1,2022-11-04,1,-1,ACoAAACv_fcBanr74eFun6JkRJXPee-Iv8Go-6Q,0
-1,2022-11-04,0,-1,ACoAACKDiuwBJMfAfYDRkXG-99pWCJSQgq_1M8Y,0
-1,2022-11-04,0,-1,ACoAAB4D15QBd8uyep1gz1O6PGNL1uf48cWN9PU,0
-1,2022-11-04,0,-1,ACoAAB4So3YBNkBbOvSC4mGW1jirO41t34bs0Z4,0
-1,2022-11-04,0,-1,ACoAABrrt-YBmeDQUneNZCELpg2cxb2pKu_Wwqc,0
-1,2022-11-04,0,-1,ACoAACXxilwBhrf7X_I5BP56OiHfS5liUIvXfBo,0
-1,2022-11-04,1,-1,ACoAABr5qqMBVtrP5kBNhUNlNkibbR02one3y7U,0
-1,2022-11-04,0,-1,ACoAACRC33QB4K15eMowJRTgwmu4BxacWxdVYlU,0
-1,2022-11-04,0,-1,ACoAAA9XbJYBXXdHPYI6RkkSuDgoWHQ9oCitvaI,0
-1,2022-11-04,0,-1,ACoAAB-ddsMBZwVhAFDpH4mVFBt6WVrgTDX5Two,0
-1,2022-11-04,1,-1,ACoAAAiqMlUBqQUXKuDn8lluSFLnXQWjIy6OjbA,0
-1,2022-11-04,0,-1,ACoAABt-JIcBn9sFf6U-IEUI2oMB9ctFUECENjY,0
-1,2022-11-04,0,-1,ACoAAABJ9YsBz5vCQRZCvOZTQFW-oncFNEXFRuA,0
-1,2022-11-04,0,-1,ACoAABRAAaQBItA5jCWjIhGjoYsTinCyUeWJOf0,0
-1,2022-11-04,0,-1,ACoAADI6CoIBujt2BpWqPDTj2QmezxwCGulvC7s,0
-1,2022-11-04,0,-1,ACoAAC184OUB8eHkgxjUoaNzTNG51uhv6e6yng4,0
-1,2022-11-04,1,-1,ACoAAC1XXRMBw7EOLSqOEs4LSBqKY1kLpZZ9fkY,0
-1,2022-11-04,0,-1,ACoAACSXLYcBE40ySXS0UQ-RBL96oovngv0vkPA,0
-1,2022-11-04,0,-1,ACoAAAwNcgYBwSmOsG-Q12bHnjvzTgsX3njbP00,0
-1,2022-11-04,0,-1,ACoAABaVovkBxBvwasli-OtWE9-7PSivrToQ9jw,0
-1,2022-11-04,0,-1,ACoAAAK61i0BzqHzDk71R1c3JG2XqvdGrTVEfsw,0
-1,2022-11-04,0,-1,ACoAABM_rxEBW-B5cq86kptJ99xjM3K6RRML6Bg,0
-1,2022-11-04,0,-1,ACoAAAd7IWkBOaBP9xfsxFfUo1wXDZGBk-LBrtI,0
-1,2022-11-04,0,-1,ACoAADKGoscB1NOnQWI0T1y6xcU92F9frazHoRQ,0
-1,2022-11-04,1,-1,ACoAAB-OyzYBWBnVZYxpr25x8rfX3QJTEVIRJB4,0
-1,2022-11-04,0,-1,ACoAAABd5uoB0SQUT54WxivVlEIbimFMnvNxavE,0
-1,2022-11-04,0,-1,ACoAABDskLAB6ytkSL5aYM9ZnX1x8lE_-rwbsgQ,0
-1,2022-11-04,0,-1,ACoAAAEVnc4BXyjiJ7iMQ9qcqY5cJ6kLOzx6lNA,0
-1,2022-11-04,1,-1,ACoAABHxgPQBUua6i3beZzc3t9WrNg89xQMmEi4,0
-1,2022-11-04,0,-1,ACoAACQikagB5VgZ4jc7Zkj9y9wCmfaXTsAUShw,0
-1,2022-11-04,0,-1,ACoAACTzH5gB-eV7Pjv_TgPxYM25oUSxjpdQY-8,0
-1,2022-11-04,0,-1,ACoAAAM8V8EBYN7E39ATtbGzOBebr5eZ9wTzYxU,0
-1,2022-11-04,0,-1,ACoAABKwR_UBvkR7NzrvbckWw_RfPE_RtpVhsyQ,0
-1,2022-11-04,0,-1,ACoAABjdCmUBStRhqkOGwtYLQ0v_OygBmfUwYak,0
-1,2022-11-04,0,-1,ACoAAA5EmbUBeYWksJqTQTfDjLk1axjplYjnyxI,0
-1,2022-11-04,0,-1,ACoAAATOGVkBcOTLhbVwGnzmWXIlG_WOAQEuMEY,0
-1,2022-11-04,1,-1,ACoAABipjPABqX_EkPglmavgX5qBpUqzDH1N85A,0
-1,2022-11-04,0,-1,ACoAAAI1zb0B6glGafC33hKr4QcOSotaVeIwXVs,0
-1,2022-11-04,0,-1,ACoAAAPh2SIB6_pi-_5UAiuvqLxXZ-pLFHf_IaI,0
-1,2022-11-04,0,-1,ACoAAA6VQ0QBJv_Zw9q2Kyhk8Pv4QRKIWsMAG_E,0
-1,2022-11-04,1,-1,ACoAAAOEyOIB_q43JCX-4xKOfAXFE-y8ORfFlms,0
-1,2022-11-04,0,-1,ACoAAC6-XqoBjGIBqDVzf8vu7Xk3uZWfNRxBHAY,0
-1,2022-11-04,0,-1,ACoAAALxiIQBXyL8RUPZX4fQvilB488UQeO3ueM,0
-1,2022-11-04,0,-1,ACoAACRYE_kBinmXg6Sk9eV4Li6sp90GfT11uS4,0
-1,2022-11-04,0,-1,ACoAAARGDqQB7DO9BEEPHScOaksmI3qpM16cIlU,0
-1,2022-11-04,0,-1,ACoAAAAsHaQBTr-7jemoFj0IGq2jn-4FVo0AE_M,0
-1,2022-11-04,0,-1,ACoAAAAs7csBnDl43IXLOWjQCH6RGcO6gtaeJ_0,0
-1,2022-11-04,0,-1,ACoAAA07wHUBuRU2iipAx-RriYVVMDcdEpvJcd0,0
-1,2022-11-04,0,-1,ACoAACk2TnsBtqabeUQOfNshzRIkq5VCWmU5RmI,0
-1,2022-11-04,1,-1,ACoAAARN2NYBhlRqwncQ1MVjB3xsKHYx9zZiBvE,0
-1,2022-11-04,0,-1,ACoAABSPvUYB4DfFTqbopTz2EbZK1tSTUraPEGs,0
-1,2022-11-04,0,-1,ACoAAB0I-JAB-MmvldyAdgoot8kTmtPU4wAy4Y8,0
-1,2022-11-04,0,-1,ACoAABvsgKAB3sKSlHAXCVyAsXnCsyWTYrRPKHU,0
-1,2022-11-04,0,-1,ACoAAAGwbeYBkUy5LMqcMeYLyvSO46LiD4HTct8,0
-1,2022-11-04,0,-1,ACoAABrO1bIBRVy9ZvyZmE5wK4IXNQTsntiy4h8,0
-1,2022-11-04,0,-1,ACoAAB8m6OUBWtHucj4Z7H4-fFul3XurvpoDozA,0
-1,2022-11-04,1,-1,ACoAAAItT4EBPAGTbECdJuFXFRol4r1aNolQeYo,0
-1,2022-11-04,1,-1,ACoAACtBGnUBdtmMC8hCJAsM53xqfblibLOidF0,0
-1,2022-11-04,0,-1,ACoAAAzDh10B_3caga_zvJcqP9EUa0kqtIauCcM,0
-1,2022-11-04,1,-1,ACoAABjEnnYB1mmDv7LtuKmtQ1OtFMA8xj6St8Y,0
-1,2022-11-04,0,-1,ACoAACaSulcBZsSXpc5J9A6Fichybb_7AdhZwu0,0
-1,2022-11-04,0,-1,ACoAAANtAxABQ1wWJ6LrJzTGSH5-7ZGv3Cx0eJc,0
-1,2022-11-04,0,-1,ACoAAAAVHEMBmPwpF-Iot9A68arBqz0cF41_CmM,0
-1,2022-11-04,0,-1,ACoAABn6BOABSjzQGVUaHQweFpG3TlVbpogejnc,0
-1,2022-11-04,1,-1,ACoAABN8BygBsq_GC5ZRDN5sRedf3XaiKcgBfUk,0
-1,2022-11-04,0,-1,ACoAAAHbmQkBKYL6tEojBdHSSUVpoo4CWZaW_Rk,0
-1,2022-11-04,0,-1,ACoAAAT4D1kBJ0XnudmiYzBpRrMRk9fGni2pu9k,0
-1,2022-11-04,0,-1,ACoAAABV-D4BmDGw5qmkbi0zofP7e-RCWwiGkR4,0
-1,2022-11-04,1,-1,ACoAAAwiXR4BUIRlc8aVePeeG8fiTIhnz83oAnE,0
-1,2022-11-04,0,-1,ACoAAAGF7N4BmG2oymdWOJV31W34QjqE_36a-_U,0
-1,2022-11-04,1,-1,ACoAACsqgVABM8BfdXiaO5r1jM4GWGGRJgQu_Q0,0
-1,2022-11-04,0,-1,ACoAACidK7oBbHeAJb_JbHHH52NNeqWdeUN_1Hw,0
-1,2022-11-04,0,-1,ACoAAAArwWwBSf9G-q8WWiCMOTrGPxMgWXQyVUg,0
-1,2022-11-04,0,-1,ACoAAAyvNTMBb7AYahrofueGSEBWwRZxjVTQ-dI,0
-1,2022-11-04,0,-1,ACoAAAyjyMsB0l3TlvA8DRTAaUP68_LuBsUs1mE,0
-1,2022-11-04,0,-1,ACoAAAhuBzYBKOg6dflVpgJPOkeLKEGLZeiwQlk,0
-1,2022-11-04,0,-1,ACoAAAMV-hkBZNPxA6zSzCE05us_9hFRzT1CT0o,0
-1,2022-11-04,0,-1,ACoAAA5aKo4BNd6D1gjh33-BZervK1bwxNg6khc,0
-1,2022-11-04,0,-1,ACoAAABaCIABZtGtOq35KbJsvHU-MLQQs4NHbNs,0
-1,2022-11-04,0,-1,ACoAAAEV1PMBmlDeeMtfBolOm4CWPyEHlFmof6I,0
-1,2022-11-04,0,-1,ACoAAAAroOIB2MUM7NNqJ1QZazqQgC4a0_7JEBc,0
-1,2022-11-04,0,-1,ACoAAABwtXcB4TTRTCxnSEjN7jCJPpO6YDWGHt0,0
-1,2022-11-04,0,-1,ACoAAAAkOu4Bw5LkFR3Whq6bfU7iYX5-LJPomoo,0
-1,2022-11-04,0,-1,ACoAAAUhg7YBr1Z5Rdf4jAyFNd8pMhrTiPO3fwo,0
-1,2022-11-04,0,-1,ACoAAAF_SRYBSjlVROtWf9UbCKPpkixe7DDqJM0,0
-1,2022-11-04,0,-1,ACoAAAHLi9cBwAkz9ssrJzjsMHCQslFmEhVZ6_Q,0
-1,2022-11-04,1,-1,ACoAABLi6yUBNScKnRL7d0MUQ9fXD6E6hxSvKIY,0
-1,2022-11-04,0,-1,ACoAAAAIbZ8BfHZpEMM_mYzFr1sABoHIWexEq3w,0
-1,2022-11-04,1,-1,ACoAABOXeTMBes9G4A5ho8Yy4lRlKhL12zVDiGA,0
-1,2022-11-04,0,-1,ACoAABEfGGMBzqcZSwni9CklZacmUi2HsRx_Hto,0
-1,2022-11-04,0,-1,ACoAAC0_RSQBIaP9zw7vqVCofc52V_K8OC2miW8,0
-1,2022-11-04,1,-1,ACoAAAul51oB9ugYWryACCNUbzg7W4hoxj0v1lg,0
-1,2022-11-04,0,-1,ACoAAAigV1YBsTFYWQStc_1_Xh9_x4nc5h78R-o,0
-1,2022-11-04,0,-1,ACoAAAXwd-ABEsb0FK6eFTChiXjj5msKPVPjkDE,0
-1,2022-11-04,0,-1,ACoAACNUH-gBXRl1XRfStwgDQ4mBKB_udSziOCI,0
-1,2022-11-04,1,-1,ACoAAB3aIWEBgitNjw74TRCVsXrAxKGPuSZZOOk,0
-1,2022-11-04,0,-1,ACoAAAyAUzABzkDOJWQeJHts_B_Az3j1wWzBBT8,0
-1,2022-11-04,0,-1,ACoAAAKC9fUB8J2GMHwRVkKqBQm_A8o4WmsVJBc,0
-1,2022-11-04,0,-1,ACoAAAqiBvYBKpOQGyulWYvbyjVN3bdqe3JRqJg,0
-1,2022-11-04,0,-1,ACoAAB33WckBKLiIUEGWylMOJPuqV7BnwD01Yyk,0
-1,2022-11-04,1,-1,ACoAABCSqxIBfjrLtxCFJwwkTXHUBRWARglSon4,0
-1,2022-11-04,0,-1,ACoAACpKP2gBr_Phcv0e4oXfx-dtQLesR8mvPn4,0
-1,2022-11-04,0,-1,ACoAABPKXzcBjSh1SlvdUfafQuVo8LGvswrQ-jM,0
-1,2022-11-04,0,-1,ACoAAAtPR_sBOgHYWTdaoBRHTR8zcpgtQRIEoak,0
-1,2022-11-04,1,-1,ACoAABkI94gB9iXpHIVLPFu-HOzx0N5OQTHzQto,0
-1,2022-11-04,0,-1,ACoAACE-SfIBj7DmrLJutrl3leencjDIlxm5j0M,0
-1,2022-11-04,0,-1,ACoAAAAhsHABSraHDXl2Qimh17WpDEFxfqWy2pc,0
-1,2022-11-04,1,-1,ACoAACNfoFEBpFzqYIZg7e_UTX2UsrBlvJ4pkbY,0
-1,2022-11-04,0,-1,ACoAACC3UGoBKEJ-cDsW_2E_1u_65T-89ahsWQs,0
-1,2022-11-04,1,-1,ACoAABO1pIEBc0tDM0SYUqa1aGXTnJ6uoONTB40,0
-1,2022-11-04,1,-1,ACoAACZou0sBkR14u3Z6xY816SQn09FGIOIqtb4,0
-1,2022-11-04,0,-1,ACoAADqd0UQBWiFJmpf1AaIuPXj2FMYqT-OaQkg,0
-1,2022-11-04,0,-1,ACoAACj_stYBo5AkIb5GX6i_ABiMuNqSm0_6VEk,0
-1,2022-11-04,1,-1,ACoAAAjVCc8Bh4nivsdPRLyKPJHJUxqF6AVG6Ys,0
-1,2022-11-04,0,-1,ACoAAAqt0MUBUXtVbSUEn-rVGYeUR5pp9QCGPPk,0
-1,2022-11-04,0,-1,ACoAABkVHnYBODI9FQUfm0dc0HlpXxzaNT0YJoE,0
-1,2022-11-04,0,-1,ACoAAAljbKcBLqCrJORdJ3sc32I_63n5bYRANzk,0
-1,2022-11-04,0,-1,ACoAABhUWWUBAVZTUDvI93b5eLC9WNCgdHua5Gw,0
-1,2022-11-04,0,-1,ACoAAAgscY8BS1m5YRG0A2i2S25wwhbUXzY9Ia0,0
-1,2022-11-04,1,-1,ACoAAAXzBtkBV6_EL66IhHFWim_yeATvaWliGPU,0
-1,2022-11-04,0,-1,ACoAAB0ujm0BO2AcuZfrQGZE7cbGiSfnxM4Reks,0
-1,2022-11-04,0,-1,ACoAAAKbYCABDUyv9rrgmxLlRbBPahSaifjIC9g,0
-1,2022-11-04,1,-1,ACoAABvCkJABQOSe2Ta7it7CpGwe9slAFiYeZn8,0
-1,2022-11-04,1,-1,ACoAAAoCrXkBSYtdIIVfIwGvFuuaxqC8syEQZv4,0
-1,2022-11-04,0,-1,ACoAACFfNJMBwRAhUpkVMVmhSoV5gBBpaXq6-lY,0
-1,2022-11-04,0,-1,ACoAACW0oBkBWTU-M3nH34AIoNPpCcImgLB3eHE,0
-1,2022-11-04,0,-1,ACoAAAAWnuUBmWvFE9B5BRJmS6-4ZkCF6LijxfE,0
-1,2022-11-04,0,-1,ACoAAAJK2csBp1xGE8hA8o1vNHe5eC_SJXrG9Lc,0
-1,2022-11-04,0,-1,ACoAAAbwhFwBvHuG78ONRI5Ti6js-hmtUkUmXX4,0
-1,2022-11-04,1,-1,ACoAABMoHY4B8VQPLl7OiYsDA8MgTawLnQSeZ5M,0
-1,2022-11-04,0,-1,ACoAAAG99dYBs1FANbXijoWzgmZWHfG6RyjbrkQ,0
-1,2022-11-04,0,-1,ACoAAAHfHFwBQn-HRbvmvw5FgltetmOrEo_PtJ0,0
-1,2022-11-04,1,-1,ACoAABOZJfwBDAyaqd6TUBLIHpl5pijQuIISUuQ,0
-1,2022-11-04,0,-1,ACoAAAycDeUBOuBt8SxUeZ_b2tVlRkGsBo20vuQ,0
-1,2022-11-04,0,-1,ACoAAABl32EBuPS_DYZdF0SsRKGi6KHo57SQljk,0
-1,2022-11-04,0,-1,ACoAADLJp2QBPP4HZbOTlX0yOO47hojEUxShmes,0
-1,2022-11-04,0,-1,ACoAAASdmsgBm_qZrBPv465MxqNFGA5REp8Pn40,0
-1,2022-11-04,0,-1,ACoAAC4wTWYBCwcGmEMif_1CWKXj6G5j5vK36Ho,0
-1,2022-11-04,1,-1,ACoAAAdNqsQBuDcVvXCtWGpysWdoslYl7UE2Trg,0
-1,2022-11-04,0,-1,ACoAAAFOQIcBYxvQdF8vyX9N6GYRg7RKsO4SqLo,0
-1,2022-11-04,0,-1,ACoAAAC2ZjABzmJsE5rqzz0R9m5QfdON3ZnogD8,0
-1,2022-11-04,0,-1,ACoAABhUAdIBNMliTxOkTC4XUZXLO0fxAKI0iJM,0
-1,2022-11-04,0,-1,ACoAAAR57XsBbCZSAZqVXJi4FmDr4MUt4CSn0tY,0
-1,2022-11-04,0,-1,ACoAAAFGPVkBMWdCSoLrAPFhT3TxvQA_B-fpKZk,0
-1,2022-11-04,0,-1,ACoAAAgoyKEBefHkkSItOFKU5mFzZiTI0BuAeWU,0
-1,2022-11-04,1,-1,ACoAAAGE-NABSM6zA-G3SWGsATomwxj_BUS9Lcw,0
-1,2022-11-04,1,-1,ACoAAAopAiwB66Hm8QYxlLsNtFgshsnbX2IgmsQ,0
-1,2022-11-04,0,-1,ACoAAAwfMt0BtgITcKDxm9mjUGxJFtEw3niG96w,0
-1,2022-11-04,0,-1,ACoAABOgfgIBRiHWVfo9SETI7d_vAhjy8oEuIuo,0
-1,2022-11-04,0,-1,ACoAABS6wOgBjLOUYbpE4Zr0cGzD_Y5LE_nx_vc,0
-1,2022-11-04,0,-1,ACoAAAlTqzsBwZSzlTSdC7Srtm9srjGkvS8-UMI,0
-1,2022-11-04,0,-1,ACoAAAzOuN8B_D-ZQS5XOvssuneScqjrntlCDwc,0
-1,2022-11-04,0,-1,ACoAAB1DNlMBFw9G7T5NuRXpm1VfdwtehTZPy28,0
-1,2022-11-04,1,-1,ACoAABARN3sBjhDkScL5abnGHLXJwc3BgEQQ-7A,0
-1,2022-11-04,0,-1,ACoAACGnCJYBUNmS0zV_3rnhXoEXUmf6WSgVg_M,0
-1,2022-11-04,0,-1,ACoAACL1wCoBHJabF3Kw7msKrnjV1AjjE1lnNRE,0
-1,2022-11-04,1,-1,ACoAAAf92twB8iRDkcMUTJj4KMvIQ4CuT8ijoYE,0
-1,2022-11-04,0,-1,ACoAAAQavnEBFBENSUYln3aNGF21Hi2YGGoz66w,0
-1,2022-11-04,0,-1,ACoAAAYW_RsBnHsuCDTSDIi0NvjWvl5yRCsFrD8,0
-1,2022-11-04,1,-1,ACoAACxFiAUBQHeNX3TAyBVVcQ7ELkRyr_tMQ78,0
-1,2022-11-04,0,-1,ACoAAAtJ5eABuJZyvBffUZXRRp83r9XG9IVgECs,0
-1,2022-11-04,0,-1,ACoAAAp5EXsBAcn8TmiOZvj0Qi64JbbgrJq_fJM,0
-1,2022-11-04,0,-1,ACoAAAfj5xIBVohat1fvR4m1e4IT3MzCO9IupYo,0
-1,2022-11-04,0,-1,ACoAAAzUUjsBvvA_RgvZlXCVFV7KooxHMOkt804,0
-1,2022-11-04,0,-1,ACoAACFbGXgBt47kwejku7yYJdz_rnHXweaPU50,0
-1,2022-11-04,0,-1,ACoAAAvtK2kBAorjyZ9jRcjpcdvD_AeNVZjcv7Y,0
-1,2022-11-04,0,-1,ACoAAA4KMnsB2RI_BwXmxIc4EcSG6vTv5TWSjzI,0
-1,2022-11-04,1,-1,ACoAAAx__RgBJld6wpwMrIEqTkcBRmQ7rI6LODU,0
-1,2022-11-04,0,-1,ACoAAALDbsMBJR_t1AgZD0Fh6SZqkdgThTub0a4,0
-1,2022-11-04,1,-1,ACoAABao-4QBCfXZ_HI94D3hvRHNMwynqQHBJto,0
-1,2022-11-04,1,-1,ACoAAAMw5PIB72gZp2ZXUSRlhOfSxslvvlD2jcg,0
-1,2022-11-04,0,-1,ACoAAAWg9-cB0SWiyS4kEptXp1gcOZtE55hIQkM,0
-1,2022-11-04,0,-1,ACoAAADEwWgB4FGLRME64trf-lxUDY3JC0bfC6Y,0
-1,2022-11-04,0,-1,ACoAAABrfjMBI_Twarrbaoj5hvGBrTe72AkH8WY,0
-1,2022-11-04,1,-1,ACoAAAM-1XkBnVlgqukg5SGH7QerR4byht8ne4o,0
-1,2022-11-04,0,-1,ACoAAAZI8GcBa5S22osPp3IUGO80beVLk3WiFUY,0
-1,2022-11-04,0,-1,ACoAAAlCzBsBZNpWPb3SzFF_F7Too9cGqolXj9s,0
-1,2022-11-04,1,-1,ACoAAAJWgmcB3cce2gnKUpUSyh6FTD5WjjkCkNM,0
-1,2022-11-04,0,-1,ACoAAAFzp-IBhgPL-6vdVbJGs6FxY_EZtPcbQO0,0
-1,2022-11-04,1,-1,ACoAABUUvBMB-knKOoBMg-Nr8b7D1H7loXlo0q0,0
-1,2022-11-04,0,-1,ACoAAA2bYz4B7PhuHwothN1UQJKslurrYmlRBP0,0
-1,2022-11-04,1,-1,ACoAABpgQWQB8E9oMlrpGwfxFiU3SRmEO8_ZNx8,0
-1,2022-11-04,1,-1,ACoAABdgAhMBfwgGwkcegErZdK31EoO-_37bg3Q,0
-1,2022-11-04,1,-1,ACoAACJsGRwBLiLAVxm_q_OHG-Nz4FePwRqvx8o,0
-1,2022-11-04,0,-1,ACoAABIUgeQBRnBR92CCEs4QYQ-2IM6ODil6fks,0
-1,2022-11-04,0,-1,ACoAABZSkS8BRfNcpFHw4FiDvn-necB9T9LtflE,0
-1,2022-11-04,1,-1,ACoAAB6psOcBKzbY1P4Pe3iNvq9ENc7Dl-ED5Bo,0
-1,2022-11-04,0,-1,ACoAAChp6_YB8RspM8lX-i4g8x5wEGhfp6Y1M9w,0
-1,2022-11-04,1,-1,ACoAAAKMe3YB11iWh7SJrcPmXQiUApjjP8E-WjA,0
-1,2022-11-04,1,-1,ACoAAAR05-QBKZzDHWUO3zKAirQf4BgSCaBaW8A,0
-1,2022-11-04,0,-1,ACoAACXeHLQBqVbx0vEMCx6_Zj3WgmOzoBqrIuE,0
-1,2022-11-04,0,-1,ACoAAAPIb3UBPR6eLujqw_preRZF1YPf8iRlyUg,0
-1,2022-11-04,0,-1,ACoAAAY9FooB9n2nvkewpDmGphQEEk-KdFxItIY,0
-1,2022-11-04,1,-1,ACoAAAUZg8oBcfyLZ_hyp28j-PherecGyJfFRfk,0
-1,2022-11-04,0,-1,ACoAAAV2nroBLOnLs77MOk-E5HbUgMkx16xRlUk,0
-1,2022-11-04,0,-1,ACoAAAJ1K4MBsPFzXlXQ8RPH3gPBimsS61jc2cg,0
-1,2022-11-04,0,-1,ACoAABORX0QBUAB7pEsaM1lGf776PB5IVe9k_Cg,0
-1,2022-11-04,0,-1,ACoAAAA9t4IBDV8fSkiVZmSX32yXINh6bKRpV4w,0
-1,2022-11-04,0,-1,ACoAAANVcXEBSg6664loHt4SfkGWtIdu4Ts-K74,0
-1,2022-11-04,0,-1,ACoAAAwjI_8Bb-5F4UW87lF5B5XB0LrI_ZyMKeo,0
-1,2022-11-04,0,-1,ACoAAAAQYzkBvGWu5jCv1jjJQpgBEPpPG_W1Cp0,0
-1,2022-11-04,1,-1,ACoAAATA6N8BdoBIZgo4ByTfnjM7qtOaHxerkzk,0
-1,2022-11-04,0,-1,ACoAAA2KXZ8BhPyP4HUMvTLDZd-T-fgjkXCNsII,0
-1,2022-11-04,0,-1,ACoAAAbNLr8BkLopBXaAgSZi70tws9JXbcSuyfU,0
-1,2022-11-04,0,-1,ACoAAAv8ra0BBD9NYKcMLTGayKKcKkPS6Sth3ls,0
-1,2022-11-04,0,-1,ACoAABGoGDYB5XlL8DLsGvYFRrhL3cyYTE-99Gg,0
-1,2022-11-04,0,-1,ACoAABi0hmEBKLp0I2qJne5SoLESe3P8uB0QisE,0
-1,2022-11-04,0,-1,ACoAABb39t8BOZoMrfgNZlPju4D9vjCAywi8MdE,0
-1,2022-11-04,0,-1,ACoAACIrFXoBM3WU3i9uIs6nLmY4N3XYx9VHw7c,0
-1,2022-11-04,1,-1,ACoAABJ_4wEBPgEfJItKcDLf3eNO1_TlzbCJ5ug,0
-1,2022-11-04,0,-1,ACoAAAIlQ10BWfcvk2B2QkFyo_abeaSzddmMzx4,0
-1,2022-11-04,0,-1,ACoAAA_s3fQBVnCIOslQbWQQ6ELBLDh8BrRF-Cs,0
-1,2022-11-04,0,-1,ACoAABypU_8B6y6Nt-EFO1HS8bonA2iYKneaT_w,0
-1,2022-11-04,0,-1,ACoAAACu9M8BLuoc_H6jbQjkw1Lk8AK_u0XlwRM,0
-1,2022-11-04,0,-1,ACoAABB8_fQBmmxDtVfl0GEagdqEj924tGvxD0s,0
-1,2022-11-04,0,-1,ACoAABlI2iIBna_c-Eo3DBLTR59hOAXoZFCyqWI,0
-1,2022-11-04,0,-1,ACoAACIKbI8BHAkg6B0BhBRK56WXhi75Zt0qn54,0
-1,2022-11-04,1,-1,ACoAAADJH7wBlOLfeW-04cDfmGX2INJiA7xPG-8,0
-1,2022-11-04,0,-1,ACoAAB_XQTkB9P7Y0_UpVwIN_v7ZgVuMDCjCI-Q,0
-1,2022-11-04,0,-1,ACoAABx41_cBKp0_V6drA4IARK5WDhG3VXKjuH4,0
-1,2022-11-04,0,-1,ACoAAAQ3orMBrjhgb-F2j3VbEgeftCFUeCys1rY,0
-1,2022-11-04,0,-1,ACoAACi7L90BAqrKyuPL5jUdNDPc5knC8t2Hydc,0
-1,2022-11-04,1,-1,ACoAABvxd58BHCObtP4YS77uqGxqA14ksNuYm5s,0
-1,2022-11-04,0,-1,ACoAABrQBxwBHUcqNaNuzMTGiDXhSOwnqIL0Qbc,0
-1,2022-11-04,1,-1,ACoAAAIyWkQB0QLCoIw6jMtJMMcBULEBn6WYpss,0
-1,2022-11-04,0,-1,ACoAAAQyWNcBdUHiIx-uxCS6QITMCCN0uEFp0tY,0
-1,2022-11-04,1,-1,ACoAABurRlIBCM4QFVnNw_XipxbOXHT30sIP6KY,0
-1,2022-11-04,0,-1,ACoAAANGrt0BY8LRWG05VZP59Lu2N2uoweaQ0II,0
-1,2022-11-04,0,-1,ACoAAAgCWtsBqycxSw_gIwNi9SgzEMuPATGxeYI,0
-1,2022-11-04,0,-1,ACoAACwqwkgBwn2amdmT_fXm6uVPWLL9d4tr8LM,0
-1,2022-11-04,1,-1,ACoAACDksWIBV9UKjzJ9-9OCLQlXa8bJ4uaanks,0
-1,2022-11-04,1,-1,ACoAAAeEHukB5ea5SJ5BNi41m2eUCRyK7hMsGQQ,0
-1,2022-11-04,0,-1,ACoAAAlsjvkBXYpZRQ4KbB8tvDZtVmCAsIgul1I,0
-1,2022-11-04,1,-1,ACoAAATtLwwBD1V0bpd5jB5BuoXs_DPaBcV_j-g,0
-1,2022-11-04,0,-1,ACoAAAvcBMQBIlkCfPA8xQb0xkxee0H3-N5RO7c,0
-1,2022-11-04,1,-1,ACoAADvnzRoBJsuFGiyDsFJLimBx1m6smSgAj-c,0
-1,2022-11-04,0,-1,ACoAACrmE_MBkVP8egObqkh8y9Vb3DHtiDg1Yms,0
-1,2022-11-04,0,-1,ACoAAAjZLR8B_qS7TljfMSqGJGRSpujvkjyYrU0,0
-1,2022-11-04,0,-1,ACoAAA_X-QUBfascRJxWeSgGT_3rQLZ9p2Wnb08,0
-1,2022-11-04,0,-1,ACoAAA-YpuEBK1XyM6qXE47x4qohdqmTomK4J_I,0
-1,2022-11-04,0,-1,ACoAAAZlPEEB2Eff0XPg-iQj8tbJtWEJeUWFbJE,0
-1,2022-11-04,0,-1,ACoAAAWaBKEBAJAFxj_zbB9lJA7L7WewX-Byqiw,0
-1,2022-11-04,0,-1,ACoAAAVQzwQBOFn-EI5h3k6js45Z5QsjBtJ8RzE,0
-1,2022-11-04,0,-1,ACoAAAUrNNEB-61q-Fpk9vBmX9PLu7XPd9eZu9I,0
-1,2022-11-04,0,-1,ACoAACg6FusBY_eMBo0SdooCse2lgYNp8w4SzDs,0
-1,2022-11-04,0,-1,ACoAADLkq7MBA7equBel7fko33QDZnr-X2SX4nQ,0
-1,2022-11-04,0,-1,ACoAAAOAeY4B9DbVBLmPHAWXV4XAUSaaz7LRr7o,0
-1,2022-11-04,0,-1,ACoAABM9SFwBfklvngo2U83cz__MX4WKHn8z3TI,0
-1,2022-11-04,0,-1,ACoAAABXhHcBv0Ppgayi4zUOR8wRazdScq-k8ps,0
-1,2022-11-04,0,-1,ACoAAAR-2gEBACOJTImqBLMeik1hF4aIswAFfhI,0
-1,2022-11-04,0,-1,ACoAABbpMcYBMHsDaggX6bpkoRA0aBmUCm2LbVE,0
-1,2022-11-04,0,-1,ACoAAA3955gBmeEIhBgvR6TkC6obZH4nACJ6S74,0
-1,2022-11-04,0,-1,ACoAAAemaNQBDPqLzAif8JLJOg_hSPQE48C_AtU,0
-1,2022-11-04,0,-1,ACoAAA97HXgBoBgNLaMwdLAEsyv-P1UvtCSWgyc,0
-1,2022-11-04,0,-1,ACoAAALr2LUB9xDDWnd5qGIbsEHVADVj2hYOd6g,0
-1,2022-11-04,0,-1,ACoAAAjSgX4BIRzFr4hjGvXU3avc1zYdweZg-IE,0
-1,2022-11-04,0,-1,ACoAACp6U34BmT5cQS-p8vQMkSBVhCScpYCzPWE,0
-1,2022-11-04,1,-1,ACoAACJGVEcBBBg2Hyi8X1z7HLTY7B04kqMgiL8,0
-1,2022-11-04,1,-1,ACoAAAELuGMBING2rtMKZtRN7tBrgMpFfZ-gFrc,0
-1,2022-11-04,1,-1,ACoAABtwGn0BeVWZko61stxuEfzzlmdWBuZUBrQ,0
-1,2022-11-04,0,-1,ACoAACLy-GcBnBb1k0Q15p79r2S2K7n3azcW6js,0
-1,2022-11-04,0,-1,ACoAAAUtv7kBiKfxX_MhGXLpcvCVTCoW1E0aFws,0
-1,2022-11-04,0,-1,ACoAACrhga4BvHjgQX4Ka1SjtjYCqoctA3adVqk,0
-1,2022-11-04,0,-1,ACoAACUMUDIBl5ADJ6B5vNFoOShmseRcGA8oHSc,0
-1,2022-11-04,0,-1,ACoAAA51CG8BlDq5x2vDpvtG6laGrvKJPOMThOM,0
-1,2022-11-04,0,-1,ACoAAAldmvIBGEoBRrgVeEoZR32-jhFiVX7KtYM,0
-1,2022-11-04,0,-1,ACoAAAemLNcBkXV3MegCaGTMrMD-sGkJVCb5LT0,0
-1,2022-11-04,1,-1,ACoAAC6pyo4BgBnBDMh3oMZ1GvBtcyCXm2RlBVc,0
-1,2022-11-04,0,-1,ACoAACRLCiUBG9_d8_olNUr507z2GeUVcQKy1zI,0
-1,2022-11-04,0,-1,ACoAACq9gzUBcRuFd0LFXp_lF17zgYZJcV-EzfA,0
-1,2022-11-04,1,-1,ACoAABGePGQBp76NoVbKMuQBbWQXiLumKuSiMbA,0
-1,2022-11-04,0,-1,ACoAAAVMMc4Bi-x0js2F81Ors0pezFK4q76JyU8,0
-1,2022-11-04,0,-1,ACoAAAD4OgYBGrxZqeKZ6FO8ZN282vafyMrORT8,0
-1,2022-11-04,0,-1,ACoAAApN4oMBtzarHn1Ev3GdqHg5PIPEiMj2Ex0,0
-1,2022-11-04,0,-1,ACoAACU-FGABg03KDDxLMK7c8aCG_a4DOTBOQzw,0
-1,2022-11-04,0,-1,ACoAACFyUqUB-EexF4YXiLqtLwUFdr8HNhce5oY,0
-1,2022-11-04,0,-1,ACoAAAS2BVgBtvfy1mPA9n2Y6fxadhfdgGUc2fo,0
-1,2022-11-04,0,-1,ACoAAA4wQLYBR5H5UezmTMFi4boAiyOlYOrYze8,0
-1,2022-11-04,1,-1,ACoAAAmdFfsB7uvICSTFojkSU70O2i4p5Bavzks,0
-1,2022-11-04,0,-1,ACoAAC5w-kkBNubBX_XzH1JkL4kxzWOppTpFqWY,0
-1,2022-11-04,1,-1,ACoAAC3WoSYBqE7pyLl7AjBFw_h4f56mxvYH3n0,0
-1,2022-11-04,0,-1,ACoAACaFAlkBk99cZDTPIrMa06zsBKuiEduvg_Y,0
-1,2022-11-04,0,-1,ACoAABaeOH0BC-4-VISy6EtB4uNRlKZhOQPm0WI,0
-1,2022-11-04,0,-1,ACoAAB_l0rABJIbj9ETQNKmqCXZOJjeuiaGZp2g,0
-1,2022-11-04,1,-1,ACoAACVqPrMBAm6BpHWtfHYSitPP8r4uC2x3arI,0
-1,2022-11-04,0,-1,ACoAAAmJBPYB8aNQcVjeSwzhCRM4oFAYAJTVEOU,0
-1,2022-11-04,0,-1,ACoAAAxQ1_EBSo6QIT8-2KmOip8QBmZ4MSaX8g8,0
-1,2022-11-04,0,-1,ACoAAB1_YAwBkqoXxKS1YrjRskQSlrY7NkdRSvQ,0
-1,2022-11-04,0,-1,ACoAAAQYQo4BrugUU4v71-WD0C7ivgTthxzZSCQ,0
-1,2022-11-04,0,-1,ACoAAA4XcGYBh_ducu6ZaYHwpxtMsd67aF42Q1o,0
-1,2022-11-04,0,-1,ACoAABlbE3wBDW9AScP3AOzdxD_n71OWVzedkWc,0
-1,2022-11-04,0,-1,ACoAAB5IXucB0AzDEi8m3W047eEY5zfPYG1Hcu4,0
-1,2022-11-04,0,-1,ACoAACAsHJMBcAnRyWEbhKyHohl1zHaIPA2a5MY,0
-1,2022-11-04,0,-1,ACoAAA3o0W8BLZ9f2Ai4FLBO1I6yANSvW3uCpfw,0
-1,2022-11-04,0,-1,ACoAAA1uclMBbUigHoOPLtNVzjNxz6BMjbS05-8,0
-1,2022-11-04,0,-1,ACoAAAUVgusBt2KerSCvdLHfERdbPQsh9K3NRIg,0
-1,2022-11-04,0,-1,ACoAAB_qGjoBL3Lg3Mc01hxGU5JDxhdWYj7H4Go,0
-1,2022-11-04,0,-1,ACoAABrhus0B5_vP6DcACVOXcw2Rl44Q4kzj9HU,0
-1,2022-11-04,0,-1,ACoAACUX28gBI3Lkdcz1fbYJnovGyINWidyGi8c,0
-1,2022-11-04,1,-1,ACoAAAozndYBzgcupscDf47VK7pLleK51VNfTfk,0
-1,2022-11-04,0,-1,ACoAAAEdHxEBwfKnMQXSnr3yTNckAldsPlP8pf8,0
-1,2022-11-04,0,-1,ACoAABk9UtEBZskAaLJ35843VSsOY6pk7WzxZ40,0
-1,2022-11-04,0,-1,ACoAAB7OlVABKfxPuWwcgEgibtsKlTPLWmC68CM,0
-1,2022-11-04,1,-1,ACoAAAXl76UBp7CuzX6yrT0ymoFEytZ-bhGLJHY,0
-1,2022-11-04,0,-1,ACoAABe2CKEBPewUJAEUDX2cldsT4Yf8JxQJuOk,0
-1,2022-11-04,0,-1,ACoAACNjFOoBbUvVsCPPzaZQicQ6JAWNlKRlZGc,0
-1,2022-11-04,0,-1,ACoAACP1hjQBBjS_iwC4gOlyOeRZbFiKKkX1hK4,0
-1,2022-11-04,0,-1,ACoAAAMxqLsBBOzmWka9O5vqDhq32eyJekmdjSk,0
-1,2022-11-04,0,-1,ACoAAA26lpQBN288Gk9g5lBO5LxqVSSvRQIZe9Q,0
-1,2022-11-04,0,-1,ACoAACGPjoYB1q5susqqH7ZXoYGUmZ1O_-GINOc,0
-1,2022-11-04,0,-1,ACoAABuM-0kBLMGeRHOQBAAR-fF8rWHZK3AM5IU,0
-1,2022-11-04,0,-1,ACoAAAJe6SUBm4oEdh0xwHwvDXjQ0SF2-8c8PDk,0
-1,2022-11-04,0,-1,ACoAAAYDztgBYtGEgdI8hc3B2iHeg51gRxNiPHo,0
-1,2022-11-04,1,-1,ACoAABwa2tkBKF_k85evo8NpXLlBP4PrTKHaj7A,0
-1,2022-11-04,0,-1,ACoAACClLUMBs2fl0VPaU25TTMy0A9DECCj-tEw,0
-1,2022-11-04,0,-1,ACoAAACMQtABFEHnE3BhqG03qC3FVTLiKdbXIkQ,0
-1,2022-11-04,0,-1,ACoAABAGc4IBEroCAMxh9OsNfGmyWaRZE5FhScw,0
-1,2022-11-04,0,-1,ACoAAABzZQsBnIU7IQMY2sBPgg55P9QzAWlcO-w,0
-1,2022-11-04,0,-1,ACoAAABXu98BJzPMd2QxNBF8TIngLUqvIg92DxQ,0
-1,2022-11-04,0,-1,ACoAAB_F_goBcrdG-Hj1Mxn97W42fSo2XAi6U44,0
-1,2022-11-04,0,-1,ACoAAABu5RgBAKHs-Jy-FXBVF_9cc-vNAWAUAKk,0
-1,2022-11-04,0,-1,ACoAAC48cFUBgWh94nZdn9Xv6pkUtFF-UgIU5Ww,0
-1,2022-11-04,1,-1,ACoAABVgDoUBMLdd_vOCNSU1OjHMG40lwmhTXDE,0
-1,2022-11-04,0,-1,ACoAACjMe-4BowV10F-ZLtuiCgD9x7SmLWNOhjk,0
-1,2022-11-04,0,-1,ACoAAC4DVlkBth7sC1ZBU7p04BNflbE6CGXVDzk,0
-1,2022-11-04,0,-1,ACoAABtN_oMBzMhBr4lg8Tj3P-vOl1I6Lm2_ojU,0
-1,2022-11-04,0,-1,ACoAAABLZ8sBlChBaTPoA-z2Vr-_3ExS4BM5LNI,0
-1,2022-11-04,1,-1,ACoAAAAmrxUB085eVdjAK7wgrK5kj8QuQZyaQL8,0
-1,2022-11-04,0,-1,ACoAABcfMCkBsBr59hiJdGCuLlOnpbbapBGMZf4,0
-1,2022-11-04,0,-1,ACoAACFgfDcBhBFxqBiR7vXCiUn7inLcF-OrXv4,0
-1,2022-11-04,0,-1,ACoAAA9X1ScBCjibQkoXkUhOTWVE3skJ1PE-ePc,0
-1,2022-11-04,0,-1,ACoAAAJEjX0BEMtaQwYKDlkfdUfX9J8FIOQ7D90,0
-1,2022-11-04,1,-1,ACoAACdFW18BohB8zK8lAnYk5wPE3X8cHzYa0Us,0
-1,2022-11-04,0,-1,ACoAAAnXLksBa57I8Ul4z86doq5InzmN_zwPOIY,0
-1,2022-11-04,0,-1,ACoAAB2nXJkBQtXXEXYBOzftjp5XrplJ2-mwB20,0
-1,2022-11-04,0,-1,ACoAAAB_hNEBJ6r9HrCYzDVsdG0DauLrFAWDg6Y,0
-1,2022-11-04,0,-1,ACoAACJorzABm4Yk8HWsESB5qrcKJ0dCa5aBX-k,0
-1,2022-11-04,0,-1,ACoAAAD3pOQBFl8SPpK8eGW8aS0n5X0yBz758t4,0
-1,2022-11-04,0,-1,ACoAAAAfROcBGghD_FYFUtIOICL_SjvEjLxVMMc,0
-1,2022-11-04,0,-1,ACoAABAikEMB8ZJMopDjCdas96GWGoZ0VBHUjD4,0
-1,2022-11-04,0,-1,ACoAABiDXK8BMSXbIyKUt8FOWsFmHRJjdQmitxM,0
-1,2022-11-04,0,-1,ACoAACAnVKIBJOkYI3IPco1_VvdzS73Dx274kh0,0
-1,2022-11-04,1,-1,ACoAABKGeqkBKLYZdVYqfNGjAtbpI7pMb33gL1o,0
-1,2022-11-04,0,-1,ACoAAAVpoBYB8fs2h1FBD4R9SKQN5p83ZRGeEi8,0
-1,2022-11-04,0,-1,ACoAABN8FgsBgkEEtsqveBCtxBzkOlREZHUpxz8,0
-1,2022-11-04,0,-1,ACoAAAjyZIIB6NY9ejo9yxcbh4Mynk6wBMX2m8w,0
-1,2022-11-04,0,-1,ACoAAAD20B4Bw-VvGfdPkFc1XNjNoO1RQfmT1MA,0
-1,2022-11-04,0,-1,ACoAAAGIox0By1AFQrM9rzvScnPNohqYTsODlGE,0
-1,2022-11-04,0,-1,ACoAABN15jYBKwQCkj52wg4j2VuFH2qaL3Q68sA,0
-1,2022-11-04,0,-1,ACoAAAAZTaQBxnu25ZUUm8-D4LALO4rto0oYflo,0
-1,2022-11-04,0,-1,ACoAAAhV1UABKE2NDID6R8l_Vij5rqA4CF132SA,0
-1,2022-11-04,0,-1,ACoAACaPjrgBDtSg8whtleUV_SVF6x5HiZtzZXQ,0
-1,2022-11-04,1,-1,ACoAAAAHHpcBrBwaAb0sM-mqZZyduXpZfUh8FQE,0
-1,2022-11-04,0,-1,ACoAAAjmUyMBCmGfSc0dtEpZhafQL3DHistet5E,0
-1,2022-11-04,0,-1,ACoAAAEI6ukBOlrdsfB_RoeKsL7yHFRQB_OiPmo,0
-1,2022-11-04,0,-1,ACoAADKci7gBMUs2xbz0s0M9ve_hUdeHpy5q3GM,0
-1,2022-11-04,0,-1,ACoAAACtm5sBeqAUdV5xDdftdwDG-VFNRLrN9Eg,0
-1,2022-11-04,0,-1,ACoAAAp5wuMB6137Gcln-qoiWVjhOOiw-nB5Nhg,0
-1,2022-11-04,0,-1,ACoAAAwER_oBpWcqIDF14p2nc1Hz9JiW2U45tG0,0
-1,2022-11-04,0,-1,ACoAABXofokB_a3VZ2avplyhEfhn20CWSm7Fd10,0
-1,2022-11-04,0,-1,ACoAAAApAi0BKwUARZ83_DRCwoXeNS8e5ZxnTm8,0
-1,2022-11-04,0,-1,ACoAACaDARQBVjD9Wjt3sQ_BUdBNp48NBYUtNn0,0
-1,2022-11-04,1,-1,ACoAAAARxvMBDD1eiGO4HewhYMFYx40EP_yKkwU,0
-1,2022-11-04,0,-1,ACoAABQbRvgBycaxa8O9acLj2Bgn190XBTZHNp0,0
-1,2022-11-04,1,-1,ACoAAAjms9cBrZMxYVBI9MZU3UXj8f4q5PEI0_o,0
-1,2022-11-04,0,-1,ACoAAAOYOOMBuMlsCYcnkoHZK0tfqSPdIwdXql8,0
-1,2022-11-04,0,-1,ACoAAAB7CnEB0bZ02pKYwbEdOtYiUh5C0p1SDpE,0
-1,2022-11-04,0,-1,ACoAABO1jaEB87xy4zKOJKS1R-grBWSqFhOLu6E,0
-1,2022-11-04,1,-1,ACoAABI2ZW8BEQ-LTdpfMrk6vF2t6wmgGVNEyLs,0
-1,2022-11-04,0,-1,ACoAAACB8goBNekOheNtwdgXpEm28cPJhlKi9xo,0
-1,2022-11-04,0,-1,ACoAABpSiMQBb32HDobJv0moXUPVjplWSg1sKq0,0
-1,2022-11-04,0,-1,ACoAAAIkjaQBKzlE2P1JVwavz1uddhiaR0_SmTg,0
-1,2022-11-04,0,-1,ACoAAAK_BV4BFmSuuLadilQXKJwMt_d3kfObzAE,0
-1,2022-11-04,0,-1,ACoAAAEB4OoBBkLP65-Mz7i7uIce4mwjY_kHvKA,0
-1,2022-11-04,0,-1,ACoAACWH9BwBx8uoMLG1tz2PLbijYKuJyw65cZQ,0
-1,2022-11-04,0,-1,ACoAABlRzOYBEFT4_Eat8Ei5X8_u2tj7dRFtH1g,0
-1,2022-11-04,0,-1,ACoAACW46hEB__MUCf92HRzdKIgOpBzTtsMeMiM,0
-1,2022-11-04,1,-1,ACoAACquVHkByWjP6dqx4Z4wYxUmPtAP4EOpv9w,0
-1,2022-11-04,1,-1,ACoAAC3iVN0BvIru_p1myioeJFY3SlKrtaUdNZk,0
-1,2022-11-04,0,-1,ACoAAAB2p50BF0sebl9cJ010E6VylogF1-jYxnY,0
-1,2022-11-04,1,-1,ACoAABzCl6YBlurunBdgLt8uHubrBg9tSJDbt20,0
-1,2022-11-04,0,-1,ACoAACn2R3AB7hNUllHvmPMkFKfUVLw5-PxdrTc,0
-1,2022-11-04,0,-1,ACoAABLRbzQBFFhmPhXCRshHn1iRMk_-F6pHpZQ,0
-1,2022-11-04,0,-1,ACoAAAGNmeIBP9PKAEUJrMt6nY9-5K8HENtDCC8,0
-1,2022-11-04,0,-1,ACoAAAyasmYBGZ3eUMu3egjCd1nnLo0olvLzpoM,0
-1,2022-11-04,0,-1,ACoAAAV_3PYBfDvQpUn07stTI02ZVBq8-KHpCgg,0
-1,2022-11-04,0,-1,ACoAAAyNBDMBLnzqqEuIF_CodWLxX5_SYCj1g3I,0
-1,2022-11-04,0,-1,ACoAAAAjX6IBIwdF69Nqvu7zVrr9slkmTqWuNsY,0
-1,2022-11-04,0,-1,ACoAAAHqUYQBGHOHe8wj7ZMvzucjSTf9b1qU_zg,0
-1,2022-11-04,1,-1,ACoAABTOzuQBYXHo-UeoIVKpI6M8h8KZjU822ng,0
-1,2022-11-04,0,-1,ACoAAAELvKUBF5ZtgoosDa6kpFY7nSz34GRnQCM,0
-1,2022-11-04,1,-1,ACoAAAQd5xUBTGGz-E3bck7wwoMW_4A_-WMBFRg,0
-1,2022-11-04,0,-1,ACoAAAqYFXwBLI5z_E9vkbF5hKV5EN04sQrn-R8,0
-1,2022-11-04,0,-1,ACoAABasTvcByKPtDXy8LpuBXlTrqFQJ_3gjNvc,0
-1,2022-11-04,0,-1,ACoAAAAO_xkBnykz5KUNqNBUeAoZwfnQf_xVLQg,0
-1,2022-11-04,0,-1,ACoAACf4cxEBxCUmUbFUcow25u_sKjyqgYQJPYk,0
-1,2022-11-04,0,-1,ACoAAAy3T1wBHMN2Z-Bw1ZoeGDlZjDkmid4IbOs,0
-1,2022-11-04,0,-1,ACoAACLJb60B4vbcN4HSsaPNu5lTT85VveusgZk,0
-1,2022-11-04,0,-1,ACoAAAGEMgoBHbMvEcJUJ890otOh9rw8b5_DlL4,0
-1,2022-11-04,0,-1,ACoAABrQYiQB_8WROX-1iCRvupdlWX7Vr_mKB1E,0
-1,2022-11-04,1,-1,ACoAAAYoJvcBUaGAXngxQGzaDh15uy3BA9LsDcs,0
-1,2022-11-04,0,-1,ACoAAASLFrYBvhpedUAhu4jnXdN55SZg9MwN3M8,0
-1,2022-11-04,0,-1,ACoAADooRTYByxL465Nl4dDArVrc47AuUcW3Nls,0
-1,2022-11-04,0,-1,ACoAAApyoSgBdkwTLZTsDOVTbh8tcNjmyfMyrSE,0
-1,2022-11-04,0,-1,ACoAAAy1FoIBk5IhCjRwRFoE0hR-gcPGIWgtsGc,0
-1,2022-11-04,0,-1,ACoAAAAizl8BPbIwJpEcY67IKK9LCTWJlVmW_UE,0
-1,2022-11-04,1,-1,ACoAAABBuSQBNWr8B7zZ_d6Gs6hBSWBP17_9t8w,0
-1,2022-11-04,0,-1,ACoAABc70ckBfkCINE94Z_FzNDsXIGAdo7fIQ7k,0
-1,2022-11-04,0,-1,ACoAAABIoHABFa2_sBguOW5TXZbLa537lFUWcvE,0
-1,2022-11-04,1,-1,ACoAAAxpZzsBJPQWu6RM2VasiqhUpNGntJlQcFU,0
-1,2022-11-04,0,-1,ACoAAAL64vABJMgO_5mZV1ckxJdPYfptQPd76CU,0
-1,2022-11-04,0,-1,ACoAAAAonk0BtVN0SKL1rbaD8yAAbnm8NWVYQEU,0
-1,2022-11-04,0,-1,ACoAAABJO9MBuPoYNczjCwkNFhOfeVKNeD1mL6o,0
-1,2022-11-04,0,-1,ACoAAAC6LTQBQCUJI9Y8w3riYEJQhSA9RMX3H_k,0
-1,2022-11-04,0,-1,ACoAADQXCHUBfzUPfzYEwspYOF7LDW6oJax4tWg,0
-1,2022-11-04,0,-1,ACoAAAACt0EBAUG-f3XhSJYOQhbFo_TViTFNZ9w,0
-1,2022-11-04,1,-1,ACoAAAJkTl8BDRKPprUdUvuqpqdt5Wi8TmHRgh0,0
-1,2022-11-04,0,-1,ACoAAAAlPhoBhzO5n-UHV2kX5AJfLS64kwhhfyU,0
-1,2022-11-04,1,-1,ACoAAAEivcMBkI8dg7c2HZWUxu-IT7CTGs3lsSc,0
-1,2022-11-04,0,-1,ACoAAAJU4rYBdScY1tUF7WIlnYchyVu7rzqxKBs,0
-1,2022-11-04,1,-1,ACoAAAAqc68B1d2EVUItBgL-RpEDJErx4DKaB1s,0
-1,2022-11-04,0,-1,ACoAACZlnc4BKuUYJItN2Yq8nYO2bKfz9hQKpxM,0
-1,2022-11-04,0,-1,ACoAAACGvaoBkjmKw5gZS-P6nx8ilejNQ3VEa7k,0
-1,2022-11-04,1,-1,ACoAABsFMBgB6FdTdsg7iP8M4bukUCLptS8yfZs,0
-1,2022-11-04,1,-1,ACoAAAao9hABjKly__6oNMwlXPzYnaDvHJ3yHV4,0
-1,2022-11-04,0,-1,ACoAAABD8DoBIL2W0WYvchz2oH2r1zIHMKp2yz0,0
-1,2022-11-04,0,-1,ACoAAAAYXVsBGcRfnbumXXHrf1-b8tU7HJCeSTU,0
-1,2022-11-04,0,-1,ACoAAAmCHzQBWTXhdA-RUXQ_FWiXe9R3nEa3mRE,0
-1,2022-11-04,0,-1,ACoAAAIaOzsBy2Ve2YSZeqQQSeDAvdliWrOV9Uo,0
-1,2022-11-04,0,-1,ACoAAABVBVUBfxWK69Im6tGmxG1o47EXUmm_NpU,0
-1,2022-11-04,0,-1,ACoAAAU7lyoBcRqSEhV2s25s1Xz-LETcCpUAG5I,0
-1,2022-11-04,0,-1,ACoAAAIkVYkB6feN2PfVC6c2jJiyyMCl48Ru6QI,0
-1,2022-11-04,0,-1,ACoAAABp794BrGWgiPNhc1QdtTX2Q4AauH42nh8,0
-1,2022-11-04,1,-1,ACoAABI8lngBg6YjGLk2YfPvzY7PZoA115COtCY,0
-1,2022-11-04,1,-1,ACoAAB_AWhUBr2LXPlBPvzldeuXyLhQUYhySrS4,0
-1,2022-11-04,0,-1,ACoAAC3YnHMB2EHACxHGx6-00Co13vKWHcErbzk,0
-1,2022-11-04,0,-1,ACoAAAdfgGYBqJzkSTc4bf13l2M7Jw5QIuRHs4U,0
-1,2022-11-04,0,-1,ACoAAAA2UbkB9WVGrpJH09wH-W5eX2f0yh_62Ks,0
-1,2022-11-04,0,-1,ACoAADL4aIsBt7a_bfjsQzR7_nZeo9hJ87W8enk,0
-1,2022-11-04,0,-1,ACoAAACJKGcBYtLgg-Ob1p3A1NpULcEe4PeBCtA,0
-1,2022-11-04,0,-1,ACoAAA1h5bABwt8aI5lPmUDvucFR65aJI6WiEaQ,0
-1,2022-11-04,0,-1,ACoAAClJ_AkBA15AheTHVIelBmGcB4on56DnScA,0
-1,2022-11-04,0,-1,ACoAAACNSJABR3RYrz_2Lz6p6tQZ1nTNVyaEJ6Q,0
-1,2022-11-04,1,-1,ACoAAADIc6QB4yq_8QtNL6gp6SZSUH80J1v9P8g,0
-1,2022-11-04,0,-1,ACoAAABB5coBufoc1dyASV0NrBjXLxgev4ZXRdk,0
-1,2022-11-04,0,-1,ACoAAADRkbAB-ewmAOXfN2NKhsu2j7O1rpp-_yA,0
-1,2022-11-04,1,-1,ACoAAAH8SZ8BteT5CZiYg4KQm1F3GLsRDHP44OQ,0
-1,2022-11-04,0,-1,ACoAAAEzqYwBabDitM2cktRxOZNhrn17-DXk83o,0
-1,2022-11-04,0,-1,ACoAABBNQA4BDxtbQtTbTIzh3KUlvHHQWrlpJp4,0
-1,2022-11-04,0,-1,ACoAABILURsBVDD2BImaBYhPCuqMYukATULgGZY,0
-1,2022-11-04,1,-1,ACoAABmTFyoBYehddcxJMOIIVZOXPz_l4GPXYz8,0
-1,2022-11-04,1,-1,ACoAAALUg0oBofmc6v9nOxZVhpcDjK3Q5Zm11No,0
-1,2022-11-04,0,-1,ACoAACriqZ4B8l9RBv7oRnlLmfR3QaX0IGq0Wrs,0
-1,2022-11-04,0,-1,ACoAAAG6RKUBeOIEkL2N6fe9hv87k21FroGPEdo,0
-1,2022-11-04,0,-1,ACoAACIETaIBSVDtjogrrYsi_APfYW0aAckko-I,0
-1,2022-11-04,0,-1,ACoAACJDVN4B3uDTojHy1prLdZ-q7LKYjL12YDI,0
-1,2022-11-04,0,-1,ACoAAAAj1QIBBrgC2xBjPyAGilZQgYCCwZXeUQw,0
-1,2022-11-04,1,-1,ACoAAAGnCAYB0q2o0FJdd0dyQmO9z3e5U6Xs27Q,0
-1,2022-11-04,0,-1,ACoAAAMLRcEB9F3bA4dr7BclqJLtdbvNjr6UYIY,0
-1,2022-11-04,1,-1,ACoAACE-J6cBWG4NjFgMtp-jTg0Uj6bAMwdpYjk,0
-1,2022-11-04,0,-1,ACoAAAFHANIB2Q8kaqAFmcEiaKhALFoNGUZfrcg,0
-1,2022-11-04,0,-1,ACoAAAoaDmYB1W3duw7qwd7N5akXGDurcegOar8,0
-1,2022-11-04,0,-1,ACoAAANQ49IBcHzs61JiwTzxIMi8_VZqleiJaGY,0
-1,2022-11-04,1,-1,ACoAACSmRhYBfmGENUbqzKDauA71xFjRkkZGIe4,0
-1,2022-11-04,0,-1,ACoAAAOF0DMBYf6tT9XVkwmu1sk9IkOFkVjZlTw,0
-1,2022-11-04,1,-1,ACoAACXAUNEBLYEiGCP7F29bMidjtvWTryPTHGg,0
-1,2022-11-04,0,-1,ACoAAAZbeIsBlmbsr_CYCXmJr03vL10hdXiso60,0
-1,2022-11-04,0,-1,ACoAAAQVODIBmy-QSw6bWuIESx4ld0yMVPbY7RA,0
-1,2022-11-04,1,-1,ACoAABEsCCEB_F3YYC_Zhp3d2R8fw4wChsQZREE,0
-1,2022-11-04,0,-1,ACoAABxrc6QB3tpMmIEzHem1b7mfsnZQ39xVzMM,0
-1,2022-11-04,0,-1,ACoAAAArZzUBHYuCjDeX6F3Z2k9UGXdDt4UTs58,0
-1,2022-11-04,0,-1,ACoAAAOHQlkBEWL3TrU2RZvHbXUoCVEMC1zDFQs,0
-1,2022-11-04,1,-1,ACoAAAyVwnYBA6Y-BQPMX-t78I46LpsvlSxtqU4,0
-1,2022-11-04,0,-1,ACoAAA6rY54BeKJqaVnFQ3mVy--m407ekraGaus,0
-1,2022-11-04,1,-1,ACoAABbt6TUBdh6TJsnT3tsVWyNE3ae7TTJtln8,0
-1,2022-11-04,0,-1,ACoAACwKB9sBAXApYRhUo-4leKlnBABEiCmd9Fo,0
-1,2022-11-04,0,-1,ACoAAAFb7GYBqvtVZpxBN6q73YvIy-FZRx9sdl8,0
-1,2022-11-04,0,-1,ACoAAAKa4kIBvQxQh9Nh0YZdl8-HeUzZIS1ecVk,0
-1,2022-11-04,0,-1,ACoAABqdWvIBC39BgSZcNXJ0ybktGPwNpiB7qG4,0
-1,2022-11-04,1,-1,ACoAAAMCUB0BaRcUpuWpHYfeEmi6WLei5BwFxrI,0
-1,2022-11-04,0,-1,ACoAAA-pl4MBsJQ99YjlzNk-8d7IjU0bXIviWuo,0
-1,2022-11-04,0,-1,ACoAAAIkWrgBqOCeoMUK3OZ587ETWZx8BUKweUo,0
-1,2022-11-04,0,-1,ACoAAAAqT6oBVwO5yIi7YLr5kI69GK5yZiJ7j-k,0
-1,2022-11-04,0,-1,ACoAAABHu0MBGSUbN1ROGL-CTrjdX6538eNoLPc,0
-1,2022-11-04,0,-1,ACoAAAtWAQQBLgp-DjMks1dZqcbYGgr7WbL8mrI,0
-1,2022-11-04,0,-1,ACoAAABL8o8B4hzQlih_i8gP5IU1v_wxrGpaHhU,0
-1,2022-11-04,0,-1,ACoAABEyfbwB7GZlj4O4wcKRF-NMOFlSdqsbFPY,0
-1,2022-11-04,1,-1,ACoAAApOdVgBpaacWV7igBjYKwrvAuKThx-4HhU,0
-1,2022-11-04,0,-1,ACoAABS6pWEBL62b0xdRkfUN9PgTSfDD7APFS60,0
-1,2022-11-04,0,-1,ACoAACNqUe8BGDAEEfYrtamPFgIfpasnTmmawbo,0
-1,2022-11-04,1,-1,ACoAAAYiaCEBMVG4M35S4zJdSO4VtAAMqlhI_Xw,0
-1,2022-11-04,0,-1,ACoAAAo7UA8BnMkXl3VQUk8Vxp0nRmpe9o4f6gA,0
-1,2022-11-04,0,-1,ACoAACVc6Y8BUsr8wZEvO8uH9k4t3EfNdmXxCbs,0
-1,2022-11-04,0,-1,ACoAABA0wxkBp2Y-2410TU2pOBB-4RZd-5eFYD0,0
-1,2022-11-04,0,-1,ACoAAArvMkIBZQRuTdYFEjCkb5QwvQu8Y32MRa0,0
-1,2022-11-04,0,-1,ACoAAABtusEBzfhbHxiEeXdHP7yYEuqN1J4gH6g,0
-1,2022-11-04,0,-1,ACoAAAmyUxUBzJymcN-qPNfLQ3O3B87GShPV350,0
-1,2022-11-04,0,-1,ACoAAAH-SagBlX65scaQ1Po_qZkXiw-EP0ieCQg,0
-1,2022-11-04,0,-1,ACoAAAP8ux4Bq5W9-QQHE37_4xQPQDkhVY-jSGs,0
-1,2022-11-04,0,-1,ACoAAAW5RogBdJAawuSQBO0oTGzFV7YeWIUaUi4,0
-1,2022-11-04,0,-1,ACoAAABS7sYBosVXMm2ebINY2gRgXzl7n7Ciuho,0
-1,2022-11-04,0,-1,ACoAAASinWMBR4Y7b63x-VMn8AmNRofqc5PoUVY,0
-1,2022-11-04,0,-1,ACoAABFt_6YBD6lsyWNkDuBjIGNp0T4kNVMBVQI,0
-1,2022-11-04,0,-1,ACoAACR97bEB9ygEo7fSF1PGM8rIlfvpH7UH4Ok,0
-1,2022-11-04,1,-1,ACoAAAAV5QYBHpcG7LICLdgLDhZBXabaNGIeiKc,0
-1,2022-11-04,0,-1,ACoAAA5OLugB8v4AWWn-2JlqKyZXcMDFNqO9XCc,0
-1,2022-11-04,0,-1,ACoAAAfHplIBLi35XO65zNXhE1GJ1LVm_fLP9C8,0
-1,2022-11-04,0,-1,ACoAAABlIZ4BuCCRLlcJZhlK-1-avfaESicz5FQ,0
-1,2022-11-04,0,-1,ACoAABR6sigBPzWz_e05BDp48kUV2eUnZsM6HKo,0
-1,2022-11-04,0,-1,ACoAAAYSJu4B5VjkPZdii3E4Rfsy1bPkHB0aSsg,0
-1,2022-11-04,0,-1,ACoAAB355tYBWIaAp4AFeSrMsJD1xUEZL8O3184,0
-1,2022-11-04,0,-1,ACoAABQqtg8Bx0H1qjJxfUysqRVk7WdETHRZx0k,0
-1,2022-11-04,0,-1,ACoAAB_QmtcBEnjnjJe4MuUPok5EXtG3ezaWDls,0
-1,2022-11-04,1,-1,ACoAAA_C7YABPx6PMgpzKUG7bJlJXJmOaFTzFJU,0
-1,2022-11-04,0,-1,ACoAABIXuQkBxfTZhre3rqpteKsZG5_sGjdGTss,0
-1,2022-11-04,1,-1,ACoAAA0KTj0BBvpf8h2pGUv8qXWP3AKCatDk-4c,0
-1,2022-11-04,1,-1,ACoAABZqUGgBGX0w9mqMCbtsm9zgMA43WunvuWo,0
-1,2022-11-04,0,-1,ACoAAAA3YEcBNQdkQEfnHHID1xW7SCeLRnyGdDk,0
-1,2022-11-04,0,-1,ACoAAAvHadMBbOKtsK1ZTfuOJhUw4FJiwwfMDx4,0
-1,2022-11-04,0,-1,ACoAAAEaQvMBWmkLIUVeARpco4HFOHLLiIcZSOM,0
-1,2022-11-04,0,-1,ACoAACGYHV8B4jm_Wv8gG-2HxQCGbq2rOojgW-0,0
-1,2022-11-04,1,-1,ACoAAAy5OEoBk26mCUkUJhyX3SlyrdPEFIexFGg,0
-1,2022-11-04,0,-1,ACoAAA3RMBUBWGzw6GAqGHKxOIMKaQ6G5epmBbI,0
-1,2022-11-04,0,-1,ACoAAAlv9WgBCv_d7xO4BBwbjIRabNSqOUQpC38,0
-1,2022-11-04,0,-1,ACoAAAOKN3QBGqtCJW4CqNrzlyBKKPdghpJB0_Y,0
-1,2022-11-04,1,-1,ACoAAC4cacoBv8f48NkqMeZHvvy2mIuUCM6WxN8,0
-1,2022-11-04,0,-1,ACoAABGCdw8Bz17uhXG8XvCyY5yvuMRkCrCmCtE,0
-1,2022-11-04,1,-1,ACoAABrzBPIBjl2JergFlXc_zNgWegiC2oSdc60,0
-1,2022-11-04,0,-1,ACoAACMaa7oByJbmh_CbnB-4C1y8zdYJ3IsptdA,0
-1,2022-11-04,0,-1,ACoAAACIUEoBcjGJn0p91A2SaA9jq5bhi4S9O1I,0
